Start Date,Overs,Mdns,Runs,Wkts
02-Jan-00,95.1,5,494,13
04-Jan-00,77.1,3,373,13
06-Jan-00,87.1,6,312,16
08-Jan-00,86.3,7,325,10
09-Jan-00,89,11,309,16
10-Jan-00,97.5,6,372,16
11-Jan-00,99.5,2,571,14
12-Jan-00,100,2,499,8
14-Jan-00,63.2,7,180,15
16-Jan-00,79.5,4,343,11
19-Jan-00,95,3,479,18
21-Jan-00,96.5,3,481,16
21-Jan-00,98,5,431,12
23-Jan-00,98.5,3,488,16
23-Jan-00,89.2,7,350,11
25-Jan-00,94.4,1,476,16
26-Jan-00,96.5,3,496,14
26-Jan-00,100,0,399,15
28-Jan-00,96,8,408,15
28-Jan-00,84.2,6,309,15
30-Jan-00,99.3,8,435,11
30-Jan-00,82.1,9,314,11
02-Feb-00,90,9,303,14
02-Feb-00,100,0,441,14
04-Feb-00,86.3,5,501,14
04-Feb-00,99.4,1,455,13
06-Feb-00,96,7,347,14
13-Feb-00,98,1,500,14
13-Feb-00,83,8,254,19
16-Feb-00,95.1,2,475,14
16-Feb-00,94.3,8,378,11
17-Feb-00,23,0,115,1
18-Feb-00,91.5,11,260,19
19-Feb-00,54.5,5,238,15
19-Feb-00,89.3,8,360,15
20-Feb-00,96.5,10,400,15
23-Feb-00,95,2,559,14
26-Feb-00,100,0,633,13
01-Mar-00,95.4,2,475,14
03-Mar-00,87.2,5,374,11
09-Mar-00,99.4,2,590,9
12-Mar-00,94.3,8,393,14
15-Mar-00,98,2,493,13
17-Mar-00,99.5,1,557,10
19-Mar-00,98.5,2,617,12
22-Mar-00,74.4,7,326,10
23-Mar-00,89,17,287,12
24-Mar-00,94.3,7,378,15
26-Mar-00,100,7,442,12
27-Mar-00,91.3,11,319,12
28-Mar-00,76.1,8,259,16
31-Mar-00,99,4,494,16
01-Apr-00,91.4,2,376,15
02-Apr-00,100,6,498,9
05-Apr-00,97.1,4,387,12
12-Apr-00,98,7,475,11
12-Apr-00,91.3,14,313,17
14-Apr-00,74.3,8,284,14
15-Apr-00,93.1,5,389,11
16-Apr-00,97.4,11,405,16
16-Apr-00,98.1,6,468,12
19-Apr-00,99.3,10,370,14
22-Apr-00,95,5,346,15
23-Apr-00,78.3,10,221,15
29-May-00,80.4,2,345,6
30-May-00,90.1,2,489,8
01-Jun-00,95,6,465,14
02-Jun-00,84.2,8,399,10
03-Jun-00,97.4,2,527,15
05-Jun-00,97.2,8,378,8
07-Jun-00,95.2,1,497,11
05-Jul-00,82.3,6,321,11
06-Jul-00,98.2,2,448,12
06-Jul-00,95,6,455,9
08-Jul-00,100,4,456,14
08-Jul-00,98.2,6,406,15
09-Jul-00,99.2,1,471,9
09-Jul-00,43.5,7,154,8
11-Jul-00,76.5,5,321,9
11-Jul-00,100,4,429,10
12-Jul-00,81.4,13,299,12
13-Jul-00,59.1,11,223,11
14-Jul-00,100,3,536,14
15-Jul-00,85.2,7,329,8
16-Jul-00,99.1,4,555,6
18-Jul-00,100,6,461,15
20-Jul-00,99.5,3,375,15
22-Jul-00,95.2,13,327,11
16-Aug-00,100,3,490,11
18-Aug-00,100,4,434,16
20-Aug-00,98,10,385,14
20-Aug-00,49.4,0,360,16
23-Aug-00,98.4,2,411,14
25-Aug-00,81.4,6,303,11
27-Aug-00,63.1,4,311,15
27-Sep-00,90.5,8,348,9
30-Sep-00,98.5,3,514,13
01-Oct-00,97.5,2,515,12
03-Oct-00,92.3,6,404,11
04-Oct-00,96.4,8,458,13
05-Oct-00,93.5,3,459,9
07-Oct-00,96.4,2,493,16
08-Oct-00,89,6,381,9
09-Oct-00,92.2,3,445,14
10-Oct-00,83.2,9,364,10
11-Oct-00,98.2,1,497,14
13-Oct-00,91,5,481,14
15-Oct-00,99.4,3,512,10
20-Oct-00,93.5,4,437,9
20-Oct-00,38,3,188,2
21-Oct-00,97,2,445,5
22-Oct-00,96.4,12,377,12
22-Oct-00,100,2,495,13
24-Oct-00,97.2,1,599,12
25-Oct-00,98.3,10,413,15
25-Oct-00,83.4,3,498,13
26-Oct-00,98.3,2,427,13
27-Oct-00,94.2,5,416,10
27-Oct-00,98.5,4,506,13
28-Oct-00,98.5,2,570,10
29-Oct-00,76.3,8,340,13
30-Oct-00,86.2,6,308,13
01-Nov-00,63.1,11,257,9
04-Nov-00,100,4,498,14
02-Dec-00,97.2,1,491,11
05-Dec-00,100,3,522,12
08-Dec-00,99.5,4,546,14
11-Dec-00,70.4,3,303,10
14-Dec-00,97.4,3,547,16
15-Dec-00,97.1,6,431,13
17-Dec-00,100,3,494,12
02-Jan-01,90,3,493,15
04-Jan-01,95.2,2,464,8
07-Jan-01,98.4,3,528,15
09-Jan-01,98.5,1,492,6
11-Jan-01,100,10,445,12
11-Jan-01,92.2,0,472,16
13-Jan-01,98.4,4,472,17
14-Jan-01,93.4,3,463,8
14-Jan-01,91.2,7,411,13
17-Jan-01,92.4,4,476,12
17-Jan-01,84,4,409,14
21-Jan-01,86.5,5,436,10
23-Jan-01,79.1,13,212,20
25-Jan-01,87.2,4,400,12
26-Jan-01,58,9,235,10
28-Jan-01,97.5,2,483,14
30-Jan-01,94,2,551,9
31-Jan-01,92.5,5,350,16
02-Feb-01,89.5,13,308,14
03-Feb-01,98.3,5,401,12
04-Feb-01,100,3,592,9
06-Feb-01,75.3,7,359,10
07-Feb-01,87.2,10,358,16
08-Feb-01,66,4,322,14
09-Feb-01,99.3,2,623,16
11-Feb-01,99.2,1,533,14
17-Feb-01,80.3,7,279,13
20-Feb-01,80.3,6,258,12
22-Feb-01,98.2,4,428,18
25-Feb-01,97,3,421,14
28-Feb-01,97.4,1,564,15
23-Mar-01,89.4,9,275,14
25-Mar-01,95,8,370,14
25-Mar-01,93.2,0,567,18
27-Mar-01,83.5,8,325,9
28-Mar-01,95.1,3,481,7
31-Mar-01,85.5,2,469,15
03-Apr-01,95,2,574,14
06-Apr-01,98,3,518,11
07-Apr-01,93.1,11,296,10
08-Apr-01,80.4,6,322,16
08-Apr-01,98.3,3,485,18
10-Apr-01,92.1,2,427,16
11-Apr-01,100,1,569,10
12-Apr-01,92.1,2,516,9
13-Apr-01,100,1,511,13
15-Apr-01,56.5,5,248,11
17-Apr-01,100,4,412,12
20-Apr-01,91.4,4,508,15
28-Apr-01,97.4,7,391,15
02-May-01,95.5,5,434,7
05-May-01,89,3,435,11
06-May-01,95.4,9,394,12
09-May-01,91,6,396,11
12-May-01,96.5,9,316,19
16-May-01,94.2,7,316,10
07-Jun-01,97.2,5,420,14
09-Jun-01,95.3,5,503,11
10-Jun-01,99.3,5,525,7
12-Jun-01,100,4,475,15
14-Jun-01,80.4,13,291,17
17-Jun-01,85.1,10,303,13
19-Jun-01,96.3,5,535,17
21-Jun-01,73.3,10,352,11
23-Jun-01,100,4,492,12
23-Jun-01,69,4,302,9
24-Jun-01,68.1,8,260,10
27-Jun-01,99.2,2,463,12
30-Jun-01,93.5,11,325,11
01-Jul-01,99.5,3,495,9
04-Jul-01,98.1,10,458,8
07-Jul-01,100,7,558,14
18-Jul-01,97.5,5,406,16
20-Jul-01,91.1,7,329,16
22-Jul-01,100,4,428,15
25-Jul-01,98.3,4,456,11
26-Jul-01,86.2,5,332,17
28-Jul-01,92.3,7,352,12
31-Jul-01,72,7,315,12
01-Aug-01,95.5,6,391,16
02-Aug-01,95.4,4,510,10
05-Aug-01,97.2,6,455,13
15-Aug-01,99.3,11,498,12
18-Aug-01,95,6,375,14
19-Aug-01,97.1,5,452,10
23-Sep-01,100,1,566,6
29-Sep-01,90.1,5,381,15
30-Sep-01,91,13,364,9
03-Oct-01,95.5,7,406,15
05-Oct-01,98.2,1,547,9
06-Oct-01,86.4,4,385,12
07-Oct-01,97.3,2,518,12
07-Oct-01,83.4,8,314,10
10-Oct-01,94.3,1,478,17
10-Oct-01,95.1,2,417,20
12-Oct-01,48.4,9,178,10
13-Oct-01,93.1,3,439,12
14-Oct-01,91.1,5,449,8
17-Oct-01,96.4,12,415,16
19-Oct-01,94.4,1,514,10
22-Oct-01,95.3,4,488,13
24-Oct-01,100,6,496,7
26-Oct-01,100,5,437,13
26-Oct-01,90.3,4,362,13
27-Oct-01,84.3,5,344,12
28-Oct-01,89.1,5,440,13
30-Oct-01,99.4,3,413,16
31-Oct-01,96.2,5,480,15
02-Nov-01,99.2,3,529,11
04-Nov-01,88,7,345,15
23-Nov-01,91,10,307,11
25-Nov-01,100,1,546,11
26-Nov-01,97.2,5,415,10
08-Dec-01,20,5,77,11
09-Dec-01,97.2,8,335,14
11-Dec-01,93.2,3,441,16
12-Dec-01,97.2,1,471,16
15-Dec-01,93,4,464,10
16-Dec-01,83.2,13,304,11
19-Dec-01,97,5,452,10
11-Jan-02,92,8,368,15
13-Jan-02,97.2,8,377,14
15-Jan-02,100,3,474,14
17-Jan-02,97.2,6,420,15
19-Jan-02,97.4,2,471,15
19-Jan-02,94,4,516,15
20-Jan-02,98.4,5,454,14
22-Jan-02,99.5,10,341,15
22-Jan-02,57.1,5,209,12
22-Jan-02,98.4,1,475,12
24-Jan-02,100,13,477,12
25-Jan-02,84.2,9,434,12
25-Jan-02,94.4,3,431,15
26-Jan-02,95.2,8,398,15
27-Jan-02,95.2,1,395,15
28-Jan-02,68.4,0,414,9
29-Jan-02,99.3,2,489,13
31-Jan-02,100,2,526,12
01-Feb-02,100,5,459,13
03-Feb-02,100,7,519,11
03-Feb-02,99,4,489,19
06-Feb-02,93,3,375,9
08-Feb-02,79.2,7,344,14
13-Feb-02,78.5,5,379,15
14-Feb-02,94.4,7,377,13
15-Feb-02,83.4,7,405,18
16-Feb-02,87.2,8,326,18
17-Feb-02,90.2,5,396,14
20-Feb-02,96.3,3,422,15
23-Feb-02,78,5,365,14
26-Feb-02,98.5,1,433,13
07-Mar-02,99.4,3,545,13
10-Mar-02,93.3,0,550,14
13-Mar-02,92.5,8,376,14
16-Mar-02,98.1,4,478,12
19-Mar-02,92.1,2,547,13
22-Mar-02,94.4,3,423,16
24-Mar-02,96.2,5,397,16
27-Mar-02,100,3,517,14
30-Mar-02,98.1,3,528,16
03-Apr-02,97.5,1,527,8
06-Apr-02,99.1,2,642,9
08-Apr-02,95.5,5,430,18
09-Apr-02,99.1,7,413,17
09-Apr-02,71.3,0,420,16
11-Apr-02,100,4,506,14
12-Apr-02,100,7,449,9
14-Apr-02,100,7,424,16
15-Apr-02,81.3,6,410,10
17-Apr-02,66.5,3,369,13
21-Apr-02,80,9,381,15
24-Apr-02,97.1,3,531,11
27-Apr-02,95.4,3,477,13
29-May-02,88.4,5,366,12
01-Jun-02,47.1,3,242,12
02-Jun-02,86.2,3,438,19
05-Jun-02,49.4,6,167,10
08-Jun-02,99.1,6,494,11
09-Jun-02,90,7,414,10
12-Jun-02,82.5,6,347,11
12-Jun-02,77.2,3,401,12
15-Jun-02,94.3,8,325,15
16-Jun-02,100,6,562,14
19-Jun-02,90,7,401,14
27-Jun-02,100,0,523,14
29-Jun-02,98.5,1,523,9
30-Jun-02,95.2,6,395,14
02-Jul-02,63.2,1,467,12
04-Jul-02,62.3,1,329,5
06-Jul-02,96.3,5,364,13
07-Jul-02,97.2,6,415,15
09-Jul-02,61.1,1,387,18
11-Jul-02,94.1,2,533,14
13-Jul-02,99.3,2,622,13
04-Aug-02,94.4,4,438,11
05-Aug-02,45.5,10,140,12
07-Aug-02,97.2,3,455,15
12-Aug-02,93.2,1,501,17
14-Aug-02,100,3,522,13
15-Aug-02,95,4,436,15
17-Aug-02,93.3,8,435,18
18-Aug-02,98.3,6,382,16
19-Aug-02,92.1,3,437,9
21-Aug-02,98.3,2,425,15
29-Aug-02,64,6,263,14
30-Aug-02,86,4,428,15
01-Sep-02,81.1,10,352,13
02-Sep-02,52.3,12,165,12
04-Sep-02,51.4,7,236,11
05-Sep-02,99.1,7,406,11
07-Sep-02,59.3,8,287,9
12-Sep-02,85.5,4,379,10
13-Sep-02,99,5,471,15
14-Sep-02,100,3,537,12
15-Sep-02,76.2,5,415,17
16-Sep-02,79.3,7,357,15
17-Sep-02,99.1,8,467,13
18-Sep-02,98,1,478,16
19-Sep-02,66,6,255,10
20-Sep-02,96.5,11,448,15
21-Sep-02,66.2,12,257,10
22-Sep-02,89.3,2,524,7
23-Sep-02,69.3,4,310,18
25-Sep-02,100,3,505,14
27-Sep-02,88.4,10,308,11
29-Sep-02,52,2,244,5
30-Sep-02,58.4,4,259,7
03-Oct-02,91.5,11,427,17
06-Oct-02,70.2,10,303,8
09-Oct-02,68.5,7,293,13
06-Nov-02,100,6,551,11
09-Nov-02,93.2,2,542,10
12-Nov-02,77.1,1,491,6
15-Nov-02,97.4,2,642,7
18-Nov-02,94.5,2,569,11
21-Nov-02,92.5,6,394,16
23-Nov-02,100,1,588,10
24-Nov-02,86.5,1,484,16
24-Nov-02,83,4,481,11
27-Nov-02,100,3,584,8
27-Nov-02,76.1,3,245,13
29-Nov-02,67,7,359,10
29-Nov-02,83.2,3,447,13
30-Nov-02,85.3,5,412,11
01-Dec-02,95.3,4,524,13
01-Dec-02,91.4,3,497,10
02-Dec-02,98,14,416,13
03-Dec-02,100,5,462,13
04-Dec-02,78.2,7,358,11
06-Dec-02,95.1,6,439,9
08-Dec-02,55.1,8,224,9
08-Dec-02,92.5,4,402,17
11-Dec-02,94,5,449,8
11-Dec-02,79,5,481,16
13-Dec-02,95,2,496,11
13-Dec-02,84.1,9,289,19
15-Dec-02,98,2,533,13
15-Dec-02,45,3,263,10
16-Dec-02,90.4,3,422,9
17-Dec-02,100,5,537,14
18-Dec-02,97.4,5,484,17
20-Dec-02,93.4,7,401,19
22-Dec-02,93,5,461,15
26-Dec-02,70.3,13,209,17
29-Dec-02,93.4,2,452,16
01-Jan-03,68,9,203,14
04-Jan-03,69.2,7,240,12
08-Jan-03,86,7,321,18
09-Jan-03,99.3,2,583,14
11-Jan-03,100,3,522,11
11-Jan-03,98.5,8,380,14
13-Jan-03,99.2,6,512,14
14-Jan-03,73.3,13,236,14
15-Jan-03,98.5,6,406,10
17-Jan-03,99.2,0,522,16
19-Jan-03,96,17,299,15
21-Jan-03,84.3,0,424,8
23-Jan-03,53.2,5,226,10
25-Jan-03,99.3,5,443,16
09-Feb-03,99,7,543,14
10-Feb-03,75.1,5,436,7
10-Feb-03,95.3,3,478,16
11-Feb-03,94.3,4,516,17
11-Feb-03,77.1,8,291,18
12-Feb-03,59.2,8,278,8
12-Feb-03,97,7,330,18
13-Feb-03,99.4,7,448,15
14-Feb-03,52.2,8,245,10
15-Feb-03,64,6,245,10
15-Feb-03,97.3,10,390,16
16-Feb-03,73.2,10,276,13
16-Feb-03,67.4,4,319,17
16-Feb-03,86.5,1,521,7
18-Feb-03,58.1,3,267,10
19-Feb-03,94.4,3,413,17
19-Feb-03,23.2,5,71,11
19-Feb-03,100,6,483,18
20-Feb-03,66.2,3,281,12
22-Feb-03,47.1,6,212,9
22-Feb-03,81,6,371,18
23-Feb-03,63.2,4,400,11
23-Feb-03,92.3,5,438,12
24-Feb-03,95,8,349,19
24-Feb-03,97.3,5,486,11
25-Feb-03,89.3,7,383,17
26-Feb-03,83.3,3,392,10
26-Feb-03,95.3,5,408,17
27-Feb-03,64,7,334,15
27-Feb-03,100,14,381,13
28-Feb-03,100,9,492,16
28-Feb-03,100,6,439,12
01-Mar-03,97.2,3,394,17
01-Mar-03,95.4,0,536,10
02-Mar-03,99.4,8,401,15
03-Mar-03,70,5,389,14
03-Mar-03,96.5,2,553,14
03-Mar-03,95,2,491,12
04-Mar-03,14,1,66,3
04-Mar-03,85.5,6,347,17
07-Mar-03,97.4,4,524,12
07-Mar-03,97.5,8,434,9
08-Mar-03,97.2,5,491,9
10-Mar-03,73,5,382,16
11-Mar-03,80.1,12,315,19
12-Mar-03,70.1,6,263,11
14-Mar-03,85.5,11,291,13
15-Mar-03,91.5,1,430,15
15-Mar-03,81.2,12,337,13
18-Mar-03,88.1,7,327,13
20-Mar-03,96.2,9,425,12
23-Mar-03,89.2,1,571,11
03-Apr-03,94.1,7,478,14
04-Apr-03,97.2,4,434,6
05-Apr-03,99,7,446,11
06-Apr-03,87.5,8,379,15
07-Apr-03,97.5,8,386,16
08-Apr-03,81.4,6,426,16
10-Apr-03,84.3,3,331,12
11-Apr-03,77,6,342,20
13-Apr-03,84.5,3,448,13
14-Apr-03,99.3,2,490,12
16-Apr-03,92.3,4,408,14
17-Apr-03,99,9,423,15
18-Apr-03,97.5,6,428,14
21-Apr-03,17.1,3,44,3
10-May-03,93.1,7,307,14
11-May-03,70.4,10,222,13
13-May-03,86.5,12,256,13
17-May-03,87,5,467,12
18-May-03,97.3,9,321,17
18-May-03,84.1,7,313,12
19-May-03,99.1,20,292,15
20-May-03,98.1,5,379,19
21-May-03,100,5,486,9
23-May-03,95.2,9,379,13
24-May-03,95.3,3,488,12
25-May-03,100,3,514,14
30-May-03,98.4,8,479,15
01-Jun-03,93.3,2,491,8
07-Jun-03,89.4,8,345,17
08-Jun-03,99.3,6,617,6
11-Jun-03,86.5,3,343,12
17-Jun-03,99.2,7,397,15
20-Jun-03,66,5,364,12
22-Jun-03,98.3,6,430,13
26-Jun-03,98,9,381,12
28-Jun-03,95.5,4,515,9
29-Jun-03,100,8,492,13
01-Jul-03,16.3,0,74,3
03-Jul-03,97.3,8,425,9
05-Jul-03,84.2,9,344,9
06-Jul-03,42.4,5,179,14
08-Jul-03,89,8,390,15
10-Jul-03,85.2,11,340,11
12-Jul-03,52.3,7,216,13
02-Aug-03,56.3,6,211,11
03-Aug-03,65.3,3,293,10
06-Aug-03,97.3,13,378,14
09-Sep-03,93.2,8,495,9
12-Sep-03,92.1,3,407,18
15-Sep-03,94,6,451,16
18-Sep-03,99.5,3,433,11
21-Sep-03,100,3,540,9
03-Oct-03,100,6,534,9
05-Oct-03,100,4,475,12
07-Oct-03,95,1,459,14
10-Oct-03,86.3,9,307,14
12-Oct-03,95.2,2,375,12
23-Oct-03,26.5,0,141,3
26-Oct-03,100,1,517,13
29-Oct-03,50.2,6,181,12
01-Nov-03,96.2,3,487,17
03-Nov-03,99.5,10,511,17
06-Nov-03,97.3,3,482,14
07-Nov-03,70.1,13,264,12
09-Nov-03,95.3,2,387,15
10-Nov-03,77.4,15,259,11
12-Nov-03,88.4,8,362,11
12-Nov-03,100,2,612,8
15-Nov-03,97,3,544,14
18-Nov-03,60,7,177,10
18-Nov-03,91.5,7,413,15
22-Nov-03,84.5,2,514,7
23-Nov-03,72.1,11,247,12
26-Nov-03,97.2,7,425,15
29-Nov-03,98,1,571,11
29-Nov-03,77,4,397,10
30-Nov-03,73.3,6,380,11
01-Dec-03,88.5,7,423,14
03-Dec-03,100,4,566,13
05-Dec-03,89.1,5,359,10
07-Dec-03,100,4,485,6
03-Jan-04,99.1,11,435,11
07-Jan-04,97,5,461,12
09-Jan-04,97.3,4,539,18
10-Jan-04,96.2,2,499,9
11-Jan-04,87.3,8,340,18
14-Jan-04,87.4,7,411,8
14-Jan-04,59.2,10,230,12
16-Jan-04,100,2,523,11
17-Jan-04,99.3,4,597,13
18-Jan-04,99.4,0,577,13
20-Jan-04,97.1,6,472,13
22-Jan-04,83.5,2,513,11
24-Jan-04,100,2,538,12
25-Jan-04,73.2,11,311,12
26-Jan-04,100,3,523,13
28-Jan-04,92.4,9,327,14
29-Jan-04,50,2,256,6
30-Jan-04,45,7,153,9
01-Feb-04,81,5,397,13
01-Feb-04,95,0,585,7
03-Feb-04,65.1,5,256,14
04-Feb-04,99.4,4,606,8
06-Feb-04,89.1,1,432,11
08-Feb-04,83.2,6,497,13
13-Feb-04,99.4,5,441,11
17-Feb-04,95.1,4,497,13
20-Feb-04,76,3,489,8
20-Feb-04,93.3,6,432,13
22-Feb-04,99.5,1,464,12
25-Feb-04,99,7,515,11
25-Feb-04,98.3,5,440,9
27-Feb-04,91.2,4,421,18
29-Feb-04,62,4,360,12
29-Feb-04,97.5,10,388,13
02-Mar-04,96,6,366,12
10-Mar-04,100,6,459,13
12-Mar-04,99.2,2,456,17
13-Mar-04,100,1,675,15
14-Mar-04,91.2,6,362,15
16-Mar-04,98.4,3,616,14
19-Mar-04,97.2,2,474,14
21-Mar-04,95,3,559,14
24-Mar-04,97.5,5,533,16
18-Apr-04,59.3,3,301,12
20-Apr-04,77,11,345,10
22-Apr-04,57.3,7,272,10
24-Apr-04,16,1,51,2
25-Apr-04,27.2,7,72,10
27-Apr-04,93.4,7,371,14
29-Apr-04,100,9,455,15
01-May-04,98,2,557,12
02-May-04,97.1,0,553,12
05-May-04,97.2,2,512,10
15-May-04,96.4,13,279,15
16-May-04,50,3,218,15
19-May-04,49.1,1,229,9
25-May-04,89.4,10,401,10
27-May-04,94.3,6,487,16
29-May-04,79.3,5,386,11
26-Jun-04,34.4,3,204,6
27-Jun-04,70.4,9,282,13
29-Jun-04,50.1,4,193,13
01-Jul-04,62.1,6,307,11
03-Jul-04,92.2,3,426,13
04-Jul-04,97.2,8,470,9
06-Jul-04,99.1,8,558,9
10-Jul-04,90.4,5,415,16
16-Jul-04,95.2,17,319,16
16-Jul-04,85,7,385,15
17-Jul-04,95.2,4,424,14
17-Jul-04,97.5,12,341,19
18-Jul-04,94.1,9,501,14
18-Jul-04,100,4,534,9
21-Jul-04,87.4,5,338,11
21-Jul-04,71.5,11,234,10
23-Jul-04,83.3,6,363,6
25-Jul-04,100,3,520,16
27-Jul-04,100,1,518,14
29-Jul-04,86.2,10,327,14
01-Aug-04,100,5,393,15
20-Aug-04,99,3,509,14
21-Aug-04,60,2,316,14
22-Aug-04,98.5,3,383,17
23-Aug-04,31.4,0,170,7
25-Aug-04,97.4,6,372,16
28-Aug-04,96.1,3,464,8
28-Aug-04,97.1,6,353,14
31-Aug-04,98.1,2,552,16
01-Sep-04,76.1,3,334,12
03-Sep-04,96.3,5,527,14
04-Sep-04,98.2,4,515,14
05-Sep-04,97.5,3,369,18
10-Sep-04,89,8,438,16
10-Sep-04,92.4,8,471,14
11-Sep-04,100,8,454,10
12-Sep-04,49.2,5,175,11
13-Sep-04,31.5,3,128,10
14-Sep-04,93,5,374,16
14-Sep-04,50.4,7,183,12
15-Sep-04,89.3,8,392,12
16-Sep-04,87.2,7,392,11
17-Sep-04,74,5,339,9
18-Sep-04,98.5,6,481,11
19-Sep-04,99.1,7,384,17
21-Sep-04,96.3,2,509,12
22-Sep-04,66.3,5,247,11
25-Sep-04,98.3,7,416,15
30-Sep-04,88.3,7,434,17
03-Oct-04,98.1,7,505,9
06-Oct-04,98.4,1,444,10
09-Oct-04,51.1,6,210,13
14-Oct-04,98.5,4,574,9
16-Oct-04,88,5,450,16
02-Nov-04,81.1,11,305,19
05-Nov-04,88.2,12,289,17
07-Nov-04,100,5,410,13
13-Nov-04,99,4,570,9
28-Nov-04,97.1,4,381,12
01-Dec-04,86,10,358,16
04-Dec-04,93.1,2,473,7
05-Dec-04,99.4,2,480,14
05-Dec-04,98.4,9,446,15
08-Dec-04,97.1,3,498,14
23-Dec-04,100,4,471,14
26-Dec-04,75,10,278,10
26-Dec-04,97.5,8,435,15
27-Dec-04,100,5,593,13
10-Jan-05,89.5,1,571,16
14-Jan-05,96.2,2,465,12
16-Jan-05,93,2,519,13
19-Jan-05,97,3,538,9
20-Jan-05,98.1,3,475,15
21-Jan-05,61,5,301,13
23-Jan-05,75.4,8,318,10
24-Jan-05,97.1,2,433,12
26-Jan-05,97.5,1,442,19
26-Jan-05,94.5,4,455,17
28-Jan-05,100,3,603,12
29-Jan-05,97.2,2,425,17
30-Jan-05,97.2,3,520,16
30-Jan-05,75.1,10,262,12
31-Jan-05,82,7,397,10
01-Feb-05,98.1,1,577,16
02-Feb-05,100,2,527,11
04-Feb-05,99,5,444,17
04-Feb-05,99.1,3,519,15
06-Feb-05,95.4,3,439,17
06-Feb-05,91.2,3,462,12
09-Feb-05,100,1,606,10
11-Feb-05,50.1,4,209,12
13-Feb-05,98.5,6,479,15
19-Feb-05,98.4,7,454,16
22-Feb-05,90.4,4,518,13
25-Feb-05,87.2,4,425,16
26-Feb-05,91.5,3,432,11
27-Feb-05,100,3,518,13
01-Mar-05,84.1,6,453,12
02-Mar-05,96.3,6,408,10
05-Mar-05,100,3,563,11
02-Apr-05,95.2,7,462,17
05-Apr-05,94.1,0,646,17
09-Apr-05,91.4,2,523,17
12-Apr-05,96,0,621,9
15-Apr-05,92.1,7,486,10
17-Apr-05,87,2,436,15
07-May-05,93.5,4,501,11
08-May-05,76.4,9,273,9
11-May-05,99.5,0,553,15
14-May-05,96.5,4,460,12
15-May-05,39.1,1,270,9
18-May-05,89.5,6,322,17
21-May-05,98.2,5,466,14
22-May-05,99.3,3,575,16
16-Jun-05,70.1,3,373,9
18-Jun-05,99.2,7,484,9
19-Jun-05,97.3,4,498,15
21-Jun-05,95.2,4,609,14
23-Jun-05,100,6,455,13
25-Jun-05,54.2,4,273,10
26-Jun-05,88.5,3,412,11
28-Jun-05,56,4,293,9
30-Jun-05,98.1,1,492,12
02-Jul-05,98.5,14,369,17
07-Jul-05,96,3,423,8
10-Jul-05,94.2,6,442,11
12-Jul-05,84.5,7,454,8
30-Jul-05,98.2,8,401,14
31-Jul-05,83.4,9,345,13
02-Aug-05,95.1,12,414,14
03-Aug-05,98,3,428,12
06-Aug-05,97,10,409,13
07-Aug-05,100,4,506,12
09-Aug-05,100,3,534,13
17-Aug-05,92.4,9,385,19
20-Aug-05,99.2,6,501,13
21-Aug-05,35.5,7,106,10
24-Aug-05,87,4,588,14
26-Aug-05,80.3,9,372,18
29-Aug-05,74.3,7,285,16
31-Aug-05,100,8,438,15
31-Aug-05,98.1,7,439,19
02-Sep-05,100,3,503,11
02-Sep-05,97.3,3,538,11
04-Sep-05,59.4,7,211,13
04-Sep-05,98.1,7,491,13
06-Sep-05,97.4,5,540,14
05-Oct-05,91.3,7,408,17
07-Oct-05,95.3,3,596,11
09-Oct-05,77.5,3,417,14
23-Oct-05,99.3,7,482,15
25-Oct-05,85.4,1,541,15
28-Oct-05,56,4,240,11
28-Oct-05,97.5,6,377,19
30-Oct-05,99.2,6,481,10
31-Oct-05,96.1,2,588,8
03-Nov-05,95.3,5,510,15
04-Nov-05,20,2,75,2
06-Nov-05,77.4,5,349,14
06-Nov-05,97.4,3,564,12
09-Nov-05,77.4,5,393,11
12-Nov-05,89.3,7,482,14
16-Nov-05,98.5,6,492,12
19-Nov-05,85.4,12,336,11
25-Nov-05,81.4,7,372,10
28-Nov-05,97.3,6,435,11
03-Dec-05,77.4,8,346,18
07-Dec-05,99.5,0,628,11
10-Dec-05,99,4,650,15
10-Dec-05,96.5,0,604,13
12-Dec-05,92.4,3,447,12
15-Dec-05,92,5,528,13
19-Dec-05,95.3,8,398,18
21-Dec-05,100,9,393,16
31-Dec-05,84.4,9,323,13
03-Jan-06,98,2,493,10
06-Jan-06,96.4,4,419,19
08-Jan-06,98.2,2,514,15
13-Jan-06,100,5,507,10
15-Jan-06,98.4,8,440,11
17-Jan-06,94.2,4,457,13
20-Jan-06,96.2,7,425,20
22-Jan-06,100,6,552,14
24-Jan-06,100,5,498,11
26-Jan-06,98.3,3,427,13
29-Jan-06,91,4,457,9
31-Jan-06,92.5,4,431,12
03-Feb-06,100,6,480,12
05-Feb-06,100,0,620,10
06-Feb-06,96.4,2,631,14
07-Feb-06,93.4,5,427,19
10-Feb-06,99.1,2,508,12
11-Feb-06,92.3,2,525,8
12-Feb-06,86,2,564,14
13-Feb-06,97.4,4,564,11
14-Feb-06,95.3,4,526,8
16-Feb-06,74.2,5,322,15
18-Feb-06,97.3,4,482,16
19-Feb-06,96.5,3,560,10
20-Feb-06,60,3,236,15
22-Feb-06,92,11,391,13
22-Feb-06,96,5,423,15
25-Feb-06,99,5,518,15
25-Feb-06,100,7,532,16
25-Feb-06,93.3,7,440,9
26-Feb-06,96.2,5,482,17
26-Feb-06,84.3,6,429,8
01-Mar-06,100,7,550,12
01-Mar-06,65.4,12,200,18
03-Mar-06,80.5,1,343,17
03-Mar-06,84.3,15,375,17
04-Mar-06,99.1,6,464,17
05-Mar-06,97.2,6,480,13
10-Mar-06,99.1,8,481,15
12-Mar-06,99.5,1,856,13
17-Mar-06,98.1,7,465,13
17-Mar-06,50,3,196,8
19-Mar-06,89,12,256,15
20-Mar-06,73.4,5,317,10
22-Mar-06,95,4,442,14
23-Mar-06,95.1,9,427,18
25-Mar-06,91.3,5,453,11
28-Mar-06,84.5,9,360,19
31-Mar-06,98.5,7,445,14
03-Apr-06,98.5,3,534,15
06-Apr-06,96,4,463,14
12-Apr-06,90.4,3,436,15
15-Apr-06,99.1,3,568,11
18-Apr-06,98.3,8,380,10
19-Apr-06,95.2,6,475,13
23-Apr-06,91,7,378,15
26-Apr-06,98,3,425,15
28-Apr-06,65.1,10,251,11
29-Apr-06,88.2,9,301,12
30-Apr-06,96.2,8,376,18
07-May-06,100,5,568,12
10-May-06,77,8,307,9
13-May-06,62.1,2,330,6
14-May-06,99,5,417,17
16-May-06,78.5,11,287,13
17-May-06,91.3,12,298,15
18-May-06,100,8,472,13
18-May-06,89.5,7,483,9
20-May-06,97.2,10,420,15
20-May-06,99.4,7,389,19
23-May-06,99.5,5,483,11
26-May-06,94,7,425,11
28-May-06,98,2,483,14
13-Jun-06,100,3,548,16
17-Jun-06,100,4,472,17
20-Jun-06,96.4,2,576,13
24-Jun-06,92.2,1,514,6
27-Jun-06,93.5,7,402,12
28-Jun-06,98.4,1,593,15
01-Jul-06,87.3,2,626,9
04-Jul-06,98.3,2,671,18
06-Jul-06,99,3,546,18
29-Jul-06,99.1,8,485,15
30-Jul-06,94.4,7,400,16
02-Aug-06,99,4,469,15
04-Aug-06,91.4,6,407,10
05-Aug-06,91.3,7,383,16
05-Aug-06,88.2,5,360,18
06-Aug-06,94.1,6,385,10
06-Aug-06,39.5,0,265,13
06-Aug-06,65.4,7,182,13
08-Aug-06,69,4,392,13
12-Aug-06,79.2,8,332,13
13-Aug-06,92.3,8,362,18
15-Aug-06,68.2,7,232,13
18-Aug-06,3.4,1,11,0
19-Aug-06,79.5,10,282,14
21-Aug-06,99.1,5,508,15
30-Aug-06,56.2,5,239,10
02-Sep-06,75.5,7,325,12
05-Sep-06,98.5,3,539,15
08-Sep-06,96.2,7,458,10
10-Sep-06,81,6,291,15
12-Sep-06,84.3,5,468,19
14-Sep-06,70,1,428,7
15-Sep-06,93.5,5,397,12
16-Sep-06,57.2,3,274,13
18-Sep-06,97.2,2,533,11
18-Sep-06,77.2,8,303,14
20-Sep-06,80.3,5,299,18
20-Sep-06,100,4,649,9
22-Sep-06,92,5,395,17
24-Sep-06,84.2,8,337,15
07-Oct-06,100,3,555,14
08-Oct-06,44.3,7,168,9
10-Oct-06,92.3,7,422,15
11-Oct-06,83.1,5,321,10
13-Oct-06,94.4,11,349,14
14-Oct-06,44,4,158,11
15-Oct-06,66.3,7,242,15
16-Oct-06,79.5,5,290,19
17-Oct-06,97.3,1,500,14
18-Oct-06,100,2,449,14
20-Oct-06,85.2,3,322,13
21-Oct-06,81.5,7,327,14
24-Oct-06,89.1,5,349,18
25-Oct-06,96.3,6,484,16
26-Oct-06,99.4,7,442,12
27-Oct-06,75,9,282,18
28-Oct-06,98.3,4,536,9
29-Oct-06,95.4,5,488,12
01-Nov-06,96,6,433,18
02-Nov-06,94,3,506,10
05-Nov-06,58.5,5,245,11
11-Nov-06,95,12,357,16
12-Nov-06,79.5,7,363,11
14-Nov-06,100,4,497,14
22-Nov-06,79.1,9,338,17
26-Nov-06,100,4,518,14
26-Nov-06,91.3,9,440,15
27-Nov-06,97.5,7,455,13
28-Nov-06,83.5,9,342,11
29-Nov-06,88.1,6,397,15
30-Nov-06,95.3,6,365,10
30-Nov-06,89.4,9,341,16
01-Dec-06,91.4,7,414,14
02-Dec-06,43.4,6,177,13
03-Dec-06,92.4,3,426,10
03-Dec-06,81.2,8,392,10
05-Dec-06,98.2,5,406,20
07-Dec-06,98.1,12,299,15
08-Dec-06,79.4,9,290,12
09-Dec-06,99,7,385,12
10-Dec-06,80.1,8,382,10
13-Dec-06,84.4,3,409,11
15-Dec-06,74.2,8,300,13
16-Dec-06,96.5,5,463,10
17-Dec-06,91.3,13,399,16
28-Dec-06,90,0,564,10
31-Dec-06,100,2,444,13
02-Jan-07,59.5,11,214,14
06-Jan-07,76.3,13,322,16
12-Jan-07,95.2,5,483,10
14-Jan-07,88.3,4,463,17
16-Jan-07,99.5,4,401,14
17-Jan-07,86.2,7,455,15
18-Jan-07,99.5,0,566,12
19-Jan-07,80.4,9,303,15
21-Jan-07,96.2,10,422,18
21-Jan-07,100,4,641,9
21-Jan-07,100,2,490,14
23-Jan-07,87.5,11,320,19
23-Jan-07,91.5,6,398,18
24-Jan-07,85.1,7,329,16
24-Jan-07,96.4,11,346,17
26-Jan-07,59,5,219,10
27-Jan-07,91.4,2,519,17
28-Jan-07,100,3,669,9
29-Jan-07,57.4,11,266,9
30-Jan-07,100,4,563,14
30-Jan-07,79,3,391,12
30-Jan-07,100,3,549,13
31-Jan-07,91.4,3,505,11
31-Jan-07,98.4,5,535,14
31-Jan-07,100,3,516,12
31-Jan-07,78.3,7,252,12
02-Feb-07,88.5,3,479,14
02-Feb-07,36.5,1,262,16
02-Feb-07,99,6,555,11
02-Feb-07,73.5,1,400,17
04-Feb-07,98.2,2,567,11
04-Feb-07,89.4,3,378,12
04-Feb-07,99.4,6,611,10
04-Feb-07,96,3,424,15
04-Feb-07,97.5,2,470,16
04-Feb-07,96.4,3,614,16
05-Feb-07,99,4,520,14
05-Feb-07,64.5,4,333,19
05-Feb-07,92,1,498,13
06-Feb-07,100,7,518,14
06-Feb-07,81.2,6,300,11
07-Feb-07,84.5,8,307,9
07-Feb-07,90,3,552,13
08-Feb-07,18.2,1,100,3
09-Feb-07,98,2,498,13
09-Feb-07,99.4,3,433,12
09-Feb-07,49.5,0,243,8
10-Feb-07,97.2,4,488,14
11-Feb-07,77,2,387,13
11-Feb-07,100,2,489,16
11-Feb-07,59.4,8,219,9
14-Feb-07,96.3,5,455,12
14-Feb-07,69.1,7,302,11
16-Feb-07,76.3,5,291,10
17-Feb-07,88,6,517,9
18-Feb-07,98.4,7,658,9
20-Feb-07,99.3,0,690,13
25-Feb-07,87.3,7,408,9
26-Feb-07,94,12,406,15
28-Feb-07,100,6,528,10
13-Mar-07,97.2,12,424,18
14-Mar-07,90.1,4,453,13
14-Mar-07,93.2,6,389,10
15-Mar-07,74.4,7,390,16
15-Mar-07,100,15,439,15
16-Mar-07,91,2,404,11
16-Mar-07,80,7,479,9
17-Mar-07,98,12,377,15
17-Mar-07,87.2,9,260,17
18-Mar-07,76.5,4,471,14
18-Mar-07,100,3,499,12
19-Mar-07,93.1,4,550,15
19-Mar-07,97.5,7,388,8
20-Mar-07,99.2,4,509,13
20-Mar-07,73.2,4,367,9
21-Mar-07,87,5,417,12
21-Mar-07,69,4,445,18
22-Mar-07,99.2,3,597,13
22-Mar-07,58,8,267,12
23-Mar-07,93.3,4,427,15
23-Mar-07,86.1,5,358,10
24-Mar-07,98,1,662,14
24-Mar-07,76,0,345,10
25-Mar-07,38.3,1,181,12
27-Mar-07,95.3,4,530,15
28-Mar-07,97.5,2,409,17
29-Mar-07,84,8,349,12
30-Mar-07,98.1,7,479,15
31-Mar-07,35.5,0,210,6
01-Apr-07,94.3,6,485,14
02-Apr-07,77.5,7,337,10
03-Apr-07,66.3,5,313,11
04-Apr-07,100,5,457,15
07-Apr-07,98.4,6,426,15
08-Apr-07,97.1,4,481,12
09-Apr-07,87.4,6,390,17
10-Apr-07,100,1,638,12
11-Apr-07,82.1,12,275,15
12-Apr-07,95.1,7,426,11
13-Apr-07,42.2,6,179,10
14-Apr-07,98.2,6,383,12
15-Apr-07,91.2,4,396,12
16-Apr-07,92.2,5,453,13
17-Apr-07,67.2,8,299,11
18-Apr-07,37.4,7,153,11
19-Apr-07,93.5,8,357,14
20-Apr-07,75.5,1,480,16
21-Apr-07,99.4,3,583,13
24-Apr-07,91.4,5,487,15
25-Apr-07,75.2,8,293,13
28-Apr-07,74,2,491,10
10-May-07,93,4,496,11
12-May-07,98,2,508,16
18-May-07,92,6,469,8
20-May-07,89.5,3,515,18
22-May-07,92.5,4,467,14
06-Jun-07,97.5,3,589,18
09-Jun-07,99.5,3,631,16
10-Jun-07,100,5,634,15
23-Jun-07,84.5,7,345,11
24-Jun-07,61.5,1,293,14
26-Jun-07,99.3,7,477,13
29-Jun-07,99.1,7,446,9
01-Jul-07,89.4,5,345,16
01-Jul-07,61.2,5,293,10
03-Jul-07,93,8,446,15
04-Jul-07,96,5,480,14
07-Jul-07,94.2,3,467,15
10-Jul-07,45.5,5,161,10
11-Jul-07,100,7,399,11
12-Jul-07,59.5,3,303,13
13-Jul-07,22.2,5,65,5
14-Jul-07,17.2,0,83,4
15-Jul-07,99.3,8,410,14
20-Jul-07,90.3,8,391,15
23-Jul-07,78,7,269,14
25-Jul-07,77,6,340,19
16-Aug-07,85.5,3,409,11
18-Aug-07,88,5,452,18
20-Aug-07,63.1,8,218,12
21-Aug-07,100,6,458,9
22-Aug-07,96.5,8,406,9
24-Aug-07,100,2,634,15
25-Aug-07,89.1,4,493,9
26-Aug-07,100,5,607,14
27-Aug-07,98.1,5,504,17
30-Aug-07,97.4,7,416,16
02-Sep-07,89,3,558,13
05-Sep-07,99.4,2,616,9
08-Sep-07,83.5,7,359,11
29-Sep-07,52.4,2,307,7
01-Oct-07,84.5,2,411,16
02-Oct-07,97.3,3,512,15
04-Oct-07,94.3,11,385,15
05-Oct-07,97.4,4,524,17
07-Oct-07,88,7,307,17
08-Oct-07,100,2,561,9
10-Oct-07,96.5,7,416,14
11-Oct-07,65.3,2,286,10
13-Oct-07,77.2,5,306,19
14-Oct-07,100,2,601,13
17-Oct-07,87.3,9,365,18
18-Oct-07,96.3,4,525,12
18-Oct-07,97.1,7,459,15
20-Oct-07,99.3,3,497,17
20-Oct-07,90.2,8,376,14
23-Oct-07,97.3,6,386,13
25-Oct-07,69.4,2,343,11
26-Oct-07,87.4,0,442,11
27-Oct-07,94.1,9,358,14
28-Oct-07,83,9,328,19
29-Oct-07,96.3,1,446,19
05-Nov-07,97,7,465,9
08-Nov-07,99.5,3,627,14
11-Nov-07,97.2,6,532,14
15-Nov-07,96.3,3,501,9
18-Nov-07,99.5,3,567,16
25-Nov-07,100,9,488,14
30-Nov-07,100,4,508,14
30-Nov-07,88.4,4,416,10
02-Dec-07,94.3,4,447,17
02-Dec-07,95.2,5,468,11
04-Dec-07,65.4,7,271,14
07-Dec-07,97,3,459,12
14-Dec-07,92.3,6,503,10
16-Dec-07,6,0,30,3
20-Dec-07,84,3,443,14
26-Dec-07,89.1,4,400,13
28-Dec-07,93,4,510,10
31-Dec-07,43.5,9,183,10
20-Jan-08,69.5,2,325,11
21-Jan-08,100,2,585,11
24-Jan-08,96.2,5,472,11
25-Jan-08,98.2,9,413,16
27-Jan-08,100,6,500,14
27-Jan-08,98.4,5,500,9
30-Jan-08,96.5,2,484,10
01-Feb-08,97.5,6,515,12
02-Feb-08,76.4,6,364,11
03-Feb-08,52.2,4,234,11
03-Feb-08,78.5,2,495,8
05-Feb-08,50,3,264,4
08-Feb-08,81.3,6,373,14
09-Feb-08,79.4,6,253,11
10-Feb-08,89,5,313,15
12-Feb-08,48,1,342,5
12-Feb-08,53.2,2,311,7
15-Feb-08,94,5,459,12
15-Feb-08,95.1,7,400,19
17-Feb-08,91.2,10,352,17
19-Feb-08,99.1,3,459,10
20-Feb-08,100,3,673,11
22-Feb-08,79.3,9,258,10
23-Feb-08,87,6,446,12
24-Feb-08,99.1,1,600,14
26-Feb-08,79.3,4,354,13
29-Feb-08,98.1,12,425,19
02-Mar-08,95.5,1,474,10
04-Mar-08,99.4,3,500,18
09-Mar-08,85.1,5,351,11
12-Mar-08,96.3,5,345,11
14-Mar-08,77.1,11,286,12
18-Mar-08,89.5,7,362,8
20-Mar-08,88.3,3,404,16
22-Mar-08,95.3,3,494,13
08-Apr-08,79.5,5,447,14
10-Apr-08,100,8,454,14
11-Apr-08,71.4,4,375,10
12-Apr-08,51,2,226,8
13-Apr-08,100,2,583,12
15-Apr-08,68.2,3,332,9
16-Apr-08,93.4,5,415,12
19-Apr-08,90.5,1,493,19
08-Jun-08,79.3,5,395,17
10-Jun-08,85.4,1,508,18
12-Jun-08,85,3,443,11
14-Jun-08,98.2,2,592,13
15-Jun-08,92.5,6,485,13
18-Jun-08,43,1,282,10
21-Jun-08,96.2,13,328,20
24-Jun-08,95.4,4,500,15
24-Jun-08,87.2,5,416,16
24-Jun-08,89.5,3,454,17
25-Jun-08,99.4,6,480,14
25-Jun-08,100,3,569,16
25-Jun-08,86.5,3,483,11
26-Jun-08,92.1,2,591,7
26-Jun-08,86.3,7,428,17
27-Jun-08,91,11,348,13
28-Jun-08,97.5,5,457,15
28-Jun-08,93.2,1,551,9
28-Jun-08,71.3,0,301,13
29-Jun-08,100,4,529,16
29-Jun-08,88.3,3,442,11
29-Jun-08,95.3,10,368,16
30-Jun-08,88.3,4,497,16
01-Jul-08,78.4,4,503,11
01-Jul-08,100,5,464,16
02-Jul-08,97.3,8,412,13
02-Jul-08,95.3,3,611,8
03-Jul-08,48,6,191,12
03-Jul-08,96.5,1,595,9
04-Jul-08,58,8,222,9
04-Jul-08,100,3,550,14
06-Jul-08,89.2,4,436,19
06-Jul-08,89.5,2,508,18
28-Jul-08,76.1,9,281,11
29-Jul-08,61.4,7,226,13
31-Jul-08,58.5,3,271,12
08-Aug-08,76.1,6,334,11
12-Aug-08,43.1,6,159,8
18-Aug-08,80.5,8,282,12
18-Aug-08,46.3,3,151,8
18-Aug-08,100,6,472,13
20-Aug-08,78.1,10,272,17
20-Aug-08,81.5,7,304,12
21-Aug-08,47,1,222,7
22-Aug-08,99.4,3,509,12
22-Aug-08,97.2,5,547,13
24-Aug-08,99,8,431,17
24-Aug-08,89,14,241,18
24-Aug-08,74.2,12,352,10
25-Aug-08,8,3,18,2
26-Aug-08,37.1,5,161,10
27-Aug-08,96.1,6,458,17
29-Aug-08,76.3,11,321,16
29-Aug-08,92.4,6,454,16
30-Aug-08,77.4,5,320,17
31-Aug-08,49.5,1,307,8
03-Sep-08,58.5,3,220,12
03-Sep-08,3,1,6,1
06-Sep-08,79.5,4,318,11
09-Oct-08,95.3,4,392,12
11-Oct-08,92.4,10,332,15
14-Oct-08,100,8,415,15
17-Oct-08,96.1,7,438,17
18-Oct-08,91,3,468,15
19-Oct-08,88.1,10,458,18
31-Oct-08,99.1,4,503,16
02-Nov-08,85.3,6,435,10
07-Nov-08,94.2,2,490,16
09-Nov-08,99.2,3,583,13
12-Nov-08,99.5,1,577,14
14-Nov-08,87.4,2,604,13
14-Nov-08,97.5,5,431,16
16-Nov-08,96.3,2,507,16
17-Nov-08,97,3,516,16
20-Nov-08,88.4,4,430,15
20-Nov-08,64.2,5,246,12
22-Nov-08,48.4,10,132,11
23-Nov-08,44,2,337,11
24-Nov-08,56,1,331,14
26-Nov-08,93.4,4,524,8
28-Nov-08,94,13,293,18
30-Nov-08,92.5,10,273,18
31-Dec-08,35.4,1,129,5
03-Jan-09,55.5,2,307,13
07-Jan-09,62.1,7,246,13
10-Jan-09,60.3,2,325,4
10-Jan-09,96.2,9,365,15
12-Jan-09,78.2,9,274,16
13-Jan-09,85,3,495,13
14-Jan-09,54.2,3,290,12
16-Jan-09,97.5,15,297,16
16-Jan-09,99.3,5,528,13
18-Jan-09,100,4,480,12
19-Jan-09,97.3,21,243,18
20-Jan-09,91.1,4,432,11
21-Jan-09,94.5,9,313,11
21-Jan-09,84.5,4,446,17
23-Jan-09,69.3,8,234,12
23-Jan-09,95.5,3,525,13
24-Jan-09,72.5,7,378,14
26-Jan-09,86.1,2,438,12
27-Jan-09,96.2,6,496,16
28-Jan-09,98.1,4,485,8
29-Jan-09,95.1,2,547,14
30-Jan-09,99,2,522,15
31-Jan-09,97.5,14,463,16
31-Jan-09,99.2,3,488,14
01-Feb-09,98.4,8,351,16
01-Feb-09,99,8,490,17
03-Feb-09,91.4,2,576,12
04-Feb-09,83.5,5,394,12
05-Feb-09,98,0,585,15
06-Feb-09,98.5,4,441,8
08-Feb-09,97.3,5,554,18
08-Feb-09,98.5,0,559,16
10-Feb-09,98.2,3,488,11
13-Feb-09,36,0,290,9
03-Mar-09,66,4,423,11
06-Mar-09,28.4,0,185,4
08-Mar-09,95.1,1,719,12
11-Mar-09,70.3,0,453,5
14-Mar-09,59.5,2,291,10
20-Mar-09,96.2,2,501,13
22-Mar-09,98.2,2,487,16
27-Mar-09,56.1,10,221,12
29-Mar-09,68.3,2,372,9
01-Apr-09,87.4,6,452,9
01-Apr-09,96.2,2,482,11
03-Apr-09,83.1,3,425,15
03-Apr-09,57,0,311,14
05-Apr-09,66.4,6,255,13
06-Apr-09,95,4,504,8
06-Apr-09,89,7,431,10
08-Apr-09,100,4,529,16
08-Apr-09,80.5,12,348,16
09-Apr-09,100,3,530,11
13-Apr-09,95.5,1,562,16
17-Apr-09,95.5,2,552,15
19-Apr-09,90,5,487,16
19-Apr-09,90.3,11,361,9
19-Apr-09,75.2,4,351,13
22-Apr-09,83,8,333,15
24-Apr-09,91.3,4,409,12
27-Apr-09,97.1,13,356,15
01-May-09,93,5,384,12
03-May-09,97,3,495,6
24-May-09,74.3,5,303,12
26-May-09,99.4,1,585,14
26-Jun-09,98.1,3,641,14
28-Jun-09,82.3,4,371,12
03-Jul-09,48.5,1,334,9
05-Jul-09,7.3,1,26,1
07-Jul-09,98.4,2,558,7
08-Jul-09,97.2,4,492,11
09-Jul-09,98.5,6,425,15
11-Jul-09,89,5,412,17
11-Jul-09,66.1,8,275,10
12-Jul-09,96,3,489,12
26-Jul-09,93.4,1,426,17
28-Jul-09,99,3,537,11
30-Jul-09,94.4,2,418,17
31-Jul-09,96.3,7,493,15
01-Aug-09,90.4,8,323,11
03-Aug-09,96.3,2,571,11
07-Aug-09,86.1,0,491,15
09-Aug-09,82.2,4,411,11
09-Aug-09,84.2,3,423,17
11-Aug-09,96.1,1,578,13
14-Aug-09,94.2,1,569,15
16-Aug-09,97.5,2,620,13
18-Aug-09,94.3,6,410,14
19-Aug-09,49.3,6,226,11
22-Aug-09,90.3,8,308,15
22-Aug-09,17.1,3,57,3
27-Aug-09,70,3,303,17
28-Aug-09,89.3,5,491,20
30-Aug-09,96.5,11,344,17
01-Sep-09,96.4,4,448,11
04-Sep-09,100,2,510,10
06-Sep-09,96.1,3,444,17
08-Sep-09,86.1,7,325,16
09-Sep-09,98.3,6,454,13
11-Sep-09,87,9,304,14
12-Sep-09,87.2,2,469,15
12-Sep-09,90.1,2,437,13
14-Sep-09,96.4,0,588,15
15-Sep-09,98.2,2,599,14
17-Sep-09,91,1,470,15
20-Sep-09,85.5,8,346,14
22-Sep-09,87.4,3,520,14
23-Sep-09,65,6,265,15
24-Sep-09,89,5,420,15
25-Sep-09,92.3,5,414,13
26-Sep-09,96.5,4,474,15
26-Sep-09,94.5,3,545,17
27-Sep-09,96.4,2,585,16
27-Sep-09,100,2,611,15
28-Sep-09,42.3,1,232,3
29-Sep-09,70.2,6,278,16
30-Sep-09,100,5,410,14
30-Sep-09,68.1,8,255,12
02-Oct-09,89.3,2,513,9
03-Oct-09,97.5,5,453,14
05-Oct-09,95.2,7,400,11
12-Oct-09,99.5,3,528,13
13-Oct-09,94.5,5,439,17
15-Oct-09,99.5,6,508,14
17-Oct-09,98,3,534,12
18-Oct-09,89.3,4,500,11
25-Oct-09,100,1,568,15
27-Oct-09,81.3,4,369,14
28-Oct-09,98.3,1,597,14
29-Oct-09,76.5,3,428,13
31-Oct-09,81.5,5,386,16
31-Oct-09,98.2,4,444,8
02-Nov-09,96,6,469,14
03-Nov-09,36.4,7,91,14
03-Nov-09,89.2,10,420,16
05-Nov-09,99,7,436,15
05-Nov-09,99.4,0,685,12
06-Nov-09,97.2,2,525,16
08-Nov-09,89.5,12,332,14
08-Nov-09,100,1,536,11
09-Nov-09,95.4,7,401,17
10-Nov-09,84.3,8,443,15
22-Nov-09,96,0,498,12
27-Nov-09,91.3,2,586,16
29-Nov-09,68.1,8,239,13
15-Dec-09,100,0,809,12
18-Dec-09,99.1,1,590,11
21-Dec-09,86.5,3,474,13
24-Dec-09,98.1,2,624,8
27-Dec-09,23.3,2,82,4
04-Jan-10,94.5,2,505,9
05-Jan-10,98,4,555,13
07-Jan-10,97.3,0,583,8
08-Jan-10,92.5,4,499,8
10-Jan-10,78.5,6,420,11
11-Jan-10,93,6,488,9
13-Jan-10,96.5,2,489,15
22-Jan-10,98.1,2,531,13
24-Jan-10,87.3,3,389,15
26-Jan-10,97.4,2,519,16
29-Jan-10,87.5,7,412,16
31-Jan-10,98.5,7,417,17
05-Feb-10,93.5,4,519,17
07-Feb-10,84.2,5,375,18
08-Feb-10,77.3,7,362,11
09-Feb-10,66.1,4,337,11
11-Feb-10,94.5,4,472,15
12-Feb-10,50.5,2,222,10
14-Feb-10,100,3,579,14
16-Feb-10,84.5,3,435,11
16-Feb-10,100,5,563,12
18-Feb-10,80.4,9,305,19
18-Feb-10,82.3,7,348,15
19-Feb-10,86.5,4,519,14
21-Feb-10,100,4,583,14
24-Feb-10,92.5,1,641,13
27-Feb-10,94.3,1,633,12
28-Feb-10,91.4,5,448,12
02-Mar-10,98.5,2,507,14
03-Mar-10,99.2,3,545,15
04-Mar-10,100,7,491,11
05-Mar-10,100,2,517,13
06-Mar-10,93.2,3,524,16
06-Mar-10,97.4,5,404,14
09-Mar-10,93.4,3,489,12
10-Mar-10,81.5,4,341,17
11-Mar-10,75.2,3,425,14
12-Mar-10,82.5,12,267,15
13-Mar-10,96.1,6,427,18
14-Mar-10,77.4,9,310,14
13-Apr-10,89.2,9,414,13
15-Apr-10,94,5,427,13
22-May-10,92.1,3,491,17
24-May-10,98.1,4,571,12
28-May-10,98.2,1,562,7
28-May-10,85.2,2,372,18
30-May-10,93.2,3,480,10
30-May-10,100,2,592,9
01-Jun-10,40.1,1,223,9
03-Jun-10,88.2,1,379,10
03-Jun-10,99.4,3,502,13
05-Jun-10,98.2,3,529,12
07-Jun-10,95.4,3,466,10
09-Jun-10,83.4,3,398,8
15-Jun-10,97,4,458,17
15-Jun-10,99.3,1,460,10
16-Jun-10,65.3,1,323,14
17-Jun-10,92,4,414,19
18-Jun-10,90.2,2,487,14
19-Jun-10,99.2,1,517,14
19-Jun-10,83.3,2,414,13
21-Jun-10,100,2,621,10
22-Jun-10,80,6,404,11
22-Jun-10,96,8,525,13
24-Jun-10,94.4,4,439,14
24-Jun-10,95.2,3,480,12
27-Jun-10,95.1,7,422,19
30-Jun-10,92.4,5,493,14
01-Jul-10,98.4,1,486,9
01-Jul-10,85.2,5,321,12
01-Jul-10,99.5,6,459,13
03-Jul-10,97.1,8,428,18
03-Jul-10,76,10,348,13
03-Jul-10,79.2,5,324,17
03-Jul-10,96.3,3,499,16
05-Jul-10,100,6,452,15
05-Jul-10,81.4,19,221,12
05-Jul-10,91.5,6,329,12
07-Jul-10,89.1,9,307,14
07-Jul-10,98.4,13,321,17
07-Jul-10,92.3,4,377,11
08-Jul-10,95.1,2,484,11
09-Jul-10,91,13,278,17
09-Jul-10,81.1,12,297,12
09-Jul-10,87.1,9,310,19
10-Jul-10,99.2,9,375,15
10-Jul-10,93.4,6,458,12
10-Jul-10,96,6,423,10
10-Jul-10,99.3,3,456,15
12-Jul-10,95,5,542,16
15-Jul-10,95,4,455,12
16-Jul-10,83.4,4,370,13
20-Jul-10,58.5,0,392,11
10-Aug-10,78.2,8,363,18
13-Aug-10,89,4,373,17
16-Aug-10,80.4,6,326,14
16-Aug-10,81,3,441,9
16-Aug-10,95.1,3,464,15
17-Aug-10,74.1,10,229,14
18-Aug-10,67.5,13,242,9
19-Aug-10,43.4,1,200,3
22-Aug-10,48.5,8,198,12
25-Aug-10,76.4,9,330,20
28-Aug-10,96.5,4,507,16
06-Sep-10,68,2,332,13
07-Sep-10,96.3,1,536,17
10-Sep-10,82,1,519,14
12-Sep-10,99.3,1,574,13
17-Sep-10,95.2,3,447,19
20-Sep-10,96.1,1,468,17
22-Sep-10,87,4,383,14
26-Sep-10,97.3,10,402,16
28-Sep-10,98.5,3,471,13
30-Sep-10,97.2,5,457,18
05-Oct-10,86.3,3,413,17
07-Oct-10,74.1,9,266,19
09-Oct-10,68,5,277,12
11-Oct-10,82.5,3,349,13
11-Oct-10,84.3,9,377,11
14-Oct-10,97.4,0,467,18
15-Oct-10,100,1,618,10
17-Oct-10,93.5,7,330,19
17-Oct-10,87.2,1,531,12
20-Oct-10,98.5,4,562,8
22-Oct-10,79,0,518,16
29-Oct-10,88.3,5,399,11
31-Oct-10,99.5,3,566,13
02-Nov-10,100,5,440,15
03-Nov-10,94.2,2,474,14
05-Nov-10,78.5,3,412,12
05-Nov-10,99.5,0,540,12
07-Nov-10,53.4,2,223,12
08-Nov-10,94.5,0,573,14
28-Nov-10,94.2,2,509,19
01-Dec-10,98,5,403,15
01-Dec-10,93,3,512,9
03-Dec-10,86,4,380,14
04-Dec-10,89.3,4,437,7
06-Dec-10,98.1,5,410,17
07-Dec-10,98.5,3,621,12
10-Dec-10,48.1,3,208,12
12-Dec-10,93,6,366,9
12-Jan-11,85.4,1,430,18
15-Jan-11,90.2,4,370,18
16-Jan-11,98.5,0,582,13
18-Jan-11,97.4,4,438,16
21-Jan-11,93.2,3,401,18
21-Jan-11,82.5,4,403,10
22-Jan-11,54.5,1,247,11
23-Jan-11,94,0,419,14
23-Jan-11,86.2,2,476,17
26-Jan-11,4.2,0,31,0
26-Jan-11,100,1,561,15
29-Jan-11,100,1,535,15
30-Jan-11,95,6,440,19
31-Jan-11,50,2,243,4
01-Feb-11,99,4,511,13
02-Feb-11,99.2,1,662,11
03-Feb-11,96.5,3,478,15
03-Feb-11,92.3,4,390,10
05-Feb-11,94.1,2,559,14
06-Feb-11,94,3,487,17
06-Feb-11,99,6,516,17
19-Feb-11,100,0,640,11
20-Feb-11,31.5,2,131,10
20-Feb-11,86.5,5,443,15
21-Feb-11,96.2,7,413,15
22-Feb-11,98.4,2,579,10
23-Feb-11,83.1,10,419,15
24-Feb-11,90.2,2,431,12
25-Feb-11,79.1,8,401,13
25-Feb-11,94.2,5,372,18
26-Feb-11,100,3,528,15
27-Feb-11,99.5,2,665,16
28-Feb-11,92.1,6,419,19
28-Feb-11,81.3,3,437,18
01-Mar-11,62.2,3,281,10
02-Mar-11,99.1,1,632,13
03-Mar-11,84.5,1,464,13
03-Mar-11,85.5,6,311,19
04-Mar-11,79.5,6,323,8
04-Mar-11,31.1,3,115,11
05-Mar-11,32.5,0,145,2
06-Mar-11,93.2,8,326,19
06-Mar-11,93.5,5,409,13
07-Mar-11,95.3,8,392,14
08-Mar-11,91.4,4,478,17
09-Mar-11,83.1,5,371,13
10-Mar-11,89,2,506,16
11-Mar-11,99,7,493,18
11-Mar-11,98.4,4,440,15
12-Mar-11,98.2,0,587,16
13-Mar-11,100,4,607,14
13-Mar-11,100,3,573,9
14-Mar-11,87.4,12,312,10
14-Mar-11,73.5,6,313,10
15-Mar-11,83.2,2,408,15
16-Mar-11,80.3,2,418,13
17-Mar-11,93.2,8,455,18
18-Mar-11,97.4,5,594,10
18-Mar-11,85,1,410,17
19-Mar-11,78,8,354,16
19-Mar-11,87.4,4,346,15
20-Mar-11,86,2,446,13
20-Mar-11,92.1,2,441,19
23-Mar-11,64.2,10,219,10
24-Mar-11,97.4,1,516,10
25-Mar-11,93.2,3,383,17
26-Mar-11,89.3,4,442,6
29-Mar-11,96.4,6,430,15
30-Mar-11,99.5,2,483,18
02-Apr-11,98.2,3,540,9
09-Apr-11,100,2,475,11
11-Apr-11,76,3,456,8
13-Apr-11,100,0,646,14
23-Apr-11,91.3,8,433,6
25-Apr-11,98,7,425,11
28-Apr-11,83.5,3,339,16
02-May-11,79.5,2,401,11
05-May-11,64.5,5,270,10
28-May-11,47.3,6,192,13
30-May-11,98.4,3,459,12
06-Jun-11,94.5,5,423,14
08-Jun-11,83.4,6,416,12
11-Jun-11,96.2,8,450,13
13-Jun-11,89,8,382,17
16-Jun-11,96.1,5,496,12
28-Jun-11,99,1,476,17
28-Jun-11,59,1,340,18
29-Jun-11,89.1,4,339,13
01-Jul-11,95.5,0,543,13
03-Jul-11,98.2,4,484,10
06-Jul-11,67.3,4,340,10
09-Jul-11,98.2,2,504,17
12-Jul-11,98.3,2,616,13
13-Jul-11,82.4,7,373,17
07-Aug-11,86,6,431,17
09-Aug-11,38.3,0,269,18
10-Aug-11,79.2,5,379,13
12-Aug-11,90,5,365,14
14-Aug-11,91.4,6,364,12
14-Aug-11,87.5,4,415,12
16-Aug-11,99.2,6,488,15
16-Aug-11,94.2,3,480,18
19-Aug-11,85,2,395,13
20-Aug-11,66.4,4,249,15
21-Aug-11,88.2,4,409,14
22-Aug-11,93.1,4,413,16
25-Aug-11,65,3,315,15
03-Sep-11,57.2,2,295,9
06-Sep-11,45.1,0,371,10
08-Sep-11,100,3,487,12
09-Sep-11,91.5,5,440,12
11-Sep-11,92.1,4,440,4
11-Sep-11,98.5,4,540,12
12-Sep-11,92,2,400,16
13-Sep-11,95,10,367,13
14-Sep-11,100,4,510,14
16-Sep-11,82.2,1,532,10
19-Sep-11,98.4,4,510,16
20-Sep-11,96.3,4,430,13
13-Oct-11,100,1,547,11
14-Oct-11,86.1,2,470,13
15-Oct-11,91.3,7,436,11
17-Oct-11,85,3,467,11
18-Oct-11,42,4,115,12
19-Oct-11,51,1,310,13
20-Oct-11,93.3,4,459,7
20-Oct-11,99.2,1,589,9
22-Oct-11,98.2,4,514,13
23-Oct-11,86.2,4,430,14
23-Oct-11,100,3,496,14
25-Oct-11,99.5,2,646,13
25-Oct-11,87,3,441,17
28-Oct-11,97.3,4,426,12
11-Nov-11,62.2,3,252,11
14-Nov-11,96.3,7,431,14
18-Nov-11,98.5,2,484,15
20-Nov-11,94.5,8,369,19
23-Nov-11,97.2,8,426,16
29-Nov-11,98.5,5,417,16
01-Dec-11,56.1,11,176,15
02-Dec-11,98.1,6,529,13
03-Dec-11,100,4,438,14
05-Dec-11,96.5,4,499,13
06-Dec-11,84.1,15,276,20
08-Dec-11,99.2,2,680,12
11-Dec-11,94.1,3,492,14
11-Jan-12,70.1,3,342,17
14-Jan-12,98.4,5,469,9
17-Jan-12,84,1,442,9
20-Jan-12,98.4,1,590,11
22-Jan-12,99.5,2,612,11
03-Feb-12,89.4,6,399,18
05-Feb-12,61.4,0,363,14
06-Feb-12,100,4,597,14
08-Feb-12,96.4,4,456,12
09-Feb-12,94,5,542,15
10-Feb-12,99,1,448,19
10-Feb-12,85.4,6,383,12
12-Feb-12,99.4,3,533,11
13-Feb-12,85,8,377,17
14-Feb-12,100,4,468,11
15-Feb-12,99,5,462,13
17-Feb-12,65,5,303,9
18-Feb-12,90.1,7,395,12
18-Feb-12,87.2,5,434,9
19-Feb-12,93.3,1,448,15
20-Feb-12,85.1,4,345,16
21-Feb-12,95.1,2,517,16
21-Feb-12,99.2,0,470,14
24-Feb-12,99.2,1,554,13
25-Feb-12,95.2,3,492,13
26-Feb-12,89.3,5,396,17
28-Feb-12,86.4,0,628,5
29-Feb-12,85.5,4,452,14
02-Mar-12,99.1,1,461,18
03-Mar-12,90.2,7,409,13
04-Mar-12,99.2,1,622,16
06-Mar-12,94.2,3,532,6
08-Mar-12,98.2,4,432,19
11-Mar-12,98.1,1,499,17
13-Mar-12,95.1,2,549,13
15-Mar-12,85.3,7,371,14
16-Mar-12,99.2,3,569,9
16-Mar-12,82.2,9,331,17
18-Mar-12,97.5,0,649,10
18-Mar-12,78.2,8,308,11
20-Mar-12,87,3,428,14
20-Mar-12,99.3,12,424,17
22-Mar-12,100,10,455,16
23-Mar-12,96.3,3,542,17
25-Mar-12,97.2,4,528,19
29-Mar-12,65.4,4,303,10
31-Mar-12,96.2,7,507,13
07-Jun-12,76.1,15,248,11
09-Jun-12,96.2,5,474,14
13-Jun-12,6.2,1,12,2
16-Jun-12,95,5,418,16
16-Jun-12,83.4,0,460,15
18-Jun-12,99.4,3,480,12
19-Jun-12,95,7,471,9
23-Jun-12,10.4,2,36,3
29-Jun-12,100,2,522,13
01-Jul-12,95.4,2,484,9
05-Jul-12,80.1,14,255,18
05-Jul-12,74.2,6,318,10
07-Jul-12,97.5,9,399,11
07-Jul-12,97,2,565,13
10-Jul-12,59.1,2,281,8
11-Jul-12,91.2,7,344,13
11-Jul-12,84.3,5,401,16
14-Jul-12,99.2,10,484,19
16-Jul-12,100,5,452,19
21-Jul-12,100,2,597,13
24-Jul-12,53.2,6,261,10
28-Jul-12,99.4,0,553,9
31-Jul-12,92.2,5,502,12
04-Aug-12,95.4,1,542,15
24-Aug-12,5.3,0,37,0
25-Aug-12,93.5,7,463,17
28-Aug-12,90.4,3,479,13
28-Aug-12,93.3,3,378,16
31-Aug-12,94.4,3,421,15
31-Aug-12,93.4,1,482,12
02-Sep-12,96.4,1,427,11
03-Sep-12,97,2,485,14
05-Sep-12,79.5,4,364,13
04-Nov-12,72.5,1,351,9
06-Nov-12,64.1,2,378,8
10-Nov-12,58.2,2,253,10
12-Nov-12,28.3,2,120,7
30-Nov-12,87.1,6,397,12
02-Dec-12,81.1,4,416,15
05-Dec-12,96.1,3,439,16
07-Dec-12,84.1,7,337,19
08-Dec-12,92,10,426,16
30-Dec-12,98.1,9,438,10
03-Jan-13,96.3,4,411,19
06-Jan-13,92.3,13,314,19
11-Jan-13,90,2,494,11
11-Jan-13,100,2,640,12
13-Jan-13,87,4,337,11
15-Jan-13,86,5,431,15
18-Jan-13,46.4,4,146,16
19-Jan-13,70.3,5,304,13
19-Jan-13,92,9,397,18
20-Jan-13,53.2,5,228,9
22-Jan-13,99.1,7,527,12
23-Jan-13,98.3,9,448,14
23-Jan-13,97.3,8,503,12
25-Jan-13,100,5,508,17
27-Jan-13,97,10,441,13
01-Feb-13,33.1,6,130,11
03-Feb-13,88.1,3,455,16
06-Feb-13,97.3,4,614,16
08-Feb-13,94.3,6,431,14
10-Feb-13,99.5,4,514,14
17-Feb-13,98.2,3,506,16
20-Feb-13,96.3,4,535,12
22-Feb-13,100,10,505,13
23-Feb-13,81.2,5,367,14
24-Feb-13,99,3,541,10
26-Feb-13,96.2,8,417,12
06-Mar-13,83.5,3,396,11
08-Mar-13,98.4,5,512,13
10-Mar-13,86.2,3,493,13
11-Mar-13,97.4,3,441,12
13-Mar-13,98,3,500,12
15-Mar-13,82.4,2,370,14
17-Mar-13,98.1,5,641,15
21-Mar-13,98.4,6,463,14
23-Mar-13,85.4,1,482,9
24-Mar-13,93.1,6,398,13
25-Mar-13,5,0,29,0
28-Mar-13,76,2,467,15
03-May-13,82.1,5,397,16
05-May-13,97.5,2,490,12
08-May-13,97.1,3,490,11
17-May-13,89.4,6,354,16
23-May-13,94,3,529,9
26-May-13,98.4,9,446,17
31-May-13,100,3,591,11
31-May-13,96.5,4,438,14
02-Jun-13,94.1,2,621,12
05-Jun-13,96.3,2,531,14
06-Jun-13,100,1,631,14
07-Jun-13,88.4,7,331,16
08-Jun-13,100,4,472,15
09-Jun-13,74.2,5,268,17
10-Jun-13,95,5,389,15
11-Jun-13,89.1,5,459,11
12-Jun-13,65,4,285,9
13-Jun-13,97.1,2,574,10
14-Jun-13,57.1,0,409,10
15-Jun-13,58.5,3,266,10
16-Jun-13,47.3,0,318,17
17-Jun-13,92.3,3,463,15
19-Jun-13,76.1,5,344,12
20-Jun-13,85,7,355,10
23-Jun-13,40,2,252,13
28-Jun-13,86.2,4,399,13
30-Jun-13,99.1,5,464,14
30-Jun-13,97.4,11,446,16
02-Jul-13,80.1,6,304,16
02-Jul-13,94.5,2,524,10
05-Jul-13,84,8,460,16
07-Jul-13,85.5,5,377,19
07-Jul-13,82,7,405,17
09-Jul-13,100,2,522,12
09-Jul-13,53.4,3,205,13
11-Jul-13,98.3,14,390,19
14-Jul-13,91,16,310,18
16-Jul-13,97.5,8,408,16
19-Jul-13,100,5,449,15
20-Jul-13,81.5,4,443,15
21-Jul-13,79,5,443,9
23-Jul-13,70.2,0,319,13
24-Jul-13,94.5,7,448,11
24-Jul-13,99.5,9,474,12
26-Jul-13,100,7,512,14
26-Jul-13,93.2,7,382,16
28-Jul-13,81.3,3,363,12
28-Jul-13,92.4,3,471,12
31-Jul-13,93.5,7,476,14
01-Aug-13,73.3,7,284,10
03-Aug-13,73.5,5,320,13
27-Aug-13,98.2,5,479,8
27-Aug-13,37.5,1,203,9
29-Aug-13,92.4,9,499,12
29-Aug-13,35.2,5,137,11
31-Aug-13,90,7,407,13
03-Sep-13,93,4,518,11
03-Sep-13,93.5,7,511,12
06-Sep-13,99.5,6,440,17
08-Sep-13,94.2,6,539,16
08-Sep-13,82.3,2,321,13
11-Sep-13,15.1,0,59,2
14-Sep-13,97.5,6,446,16
16-Sep-13,97.1,3,529,18
02-Oct-13,55.4,7,179,12
04-Oct-13,64.2,11,183,12
13-Oct-13,99.4,4,527,17
16-Oct-13,93.3,2,711,4
19-Oct-13,99.3,3,580,13
23-Oct-13,54.1,1,311,8
29-Oct-13,79.4,5,423,18
30-Oct-13,99.3,1,693,10
30-Oct-13,96.2,13,360,20
31-Oct-13,95.4,5,433,19
01-Nov-13,90.2,4,347,19
02-Nov-13,95.1,1,703,13
03-Nov-13,99.2,2,606,10
06-Nov-13,94.3,5,441,18
08-Nov-13,99.2,1,493,13
10-Nov-13,54.2,2,292,10
11-Nov-13,85.3,5,410,17
12-Nov-13,46,2,333,7
16-Nov-13,58,3,332,14
21-Nov-13,84.1,2,417,13
24-Nov-13,99.3,5,569,15
24-Nov-13,98.1,3,410,19
27-Nov-13,96.1,3,522,10
27-Nov-13,90,1,509,14
30-Nov-13,85.3,8,355,15
05-Dec-13,91,5,568,12
08-Dec-13,84.1,2,418,15
11-Dec-13,50,1,299,8
18-Dec-13,99.4,2,617,12
20-Dec-13,99.4,2,559,9
22-Dec-13,94.4,2,527,14
25-Dec-13,90,3,445,11
26-Dec-13,69.4,4,299,17
27-Dec-13,99.1,3,450,17
01-Jan-14,42,0,402,9
04-Jan-14,83.4,4,411,8
08-Jan-14,79.5,2,513,12
12-Jan-14,95.4,0,532,11
17-Jan-14,99.3,0,588,16
19-Jan-14,98.4,2,556,16
19-Jan-14,90,2,479,11
22-Jan-14,83.3,3,544,16
23-Jan-14,89.2,6,501,17
23-Jan-14,85.4,2,519,10
24-Jan-14,97.4,2,570,18
25-Jan-14,100,3,614,16
26-Jan-14,99.4,5,415,18
28-Jan-14,86.4,3,417,10
28-Jan-14,98.1,5,553,7
30-Jan-14,99.3,1,511,12
31-Jan-14,99.4,6,511,15
01-Feb-14,100,2,525,14
17-Feb-14,79.2,6,343,15
20-Feb-14,93,5,508,15
22-Feb-14,97.3,5,480,11
23-Feb-14,86,6,400,15
25-Feb-14,98.5,3,567,15
26-Feb-14,99,5,554,11
27-Feb-14,97.2,5,414,15
28-Feb-14,99.2,3,517,17
28-Feb-14,100,9,516,12
01-Mar-14,97.5,2,463,13
02-Mar-14,99.4,2,480,15
02-Mar-14,89.1,7,312,16
03-Mar-14,88.4,11,369,15
04-Mar-14,99.5,5,648,8
05-Mar-14,77.4,6,316,12
05-Mar-14,97.4,3,567,15
06-Mar-14,99,4,401,14
08-Mar-14,96.2,6,518,10
01-May-14,92.4,3,426,12
02-May-14,94.3,1,514,15
04-May-14,93.5,11,308,17
06-May-14,89.5,10,355,16
09-May-14,40,0,299,15
22-May-14,66.5,2,382,16
25-May-14,76.1,6,347,17
28-May-14,36.1,4,137,9
31-May-14,100,6,584,16
03-Jun-14,96.3,4,432,12
15-Jun-14,74.5,1,422,12
17-Jun-14,43.1,6,157,19
19-Jun-14,34.2,3,116,9
06-Jul-14,90.3,1,520,15
09-Jul-14,87.3,7,441,20
12-Jul-14,94.3,0,583,14
18-Jul-14,95.2,13,445,10
20-Jul-14,93.3,1,503,9
22-Jul-14,99.4,6,516,12
24-Jul-14,87.1,6,414,18
17-Aug-14,99.5,4,515,13
19-Aug-14,98.5,8,436,19
20-Aug-14,89.4,5,433,14
21-Aug-14,67.1,5,330,12
22-Aug-14,74.4,6,314,16
23-Aug-14,89.5,1,545,12
25-Aug-14,89.3,9,495,15
25-Aug-14,100,5,579,15
26-Aug-14,93.5,3,528,18
27-Aug-14,96.4,1,643,10
27-Aug-14,88.1,4,450,16
29-Aug-14,88.2,5,397,19
30-Aug-14,50.3,5,198,12
30-Aug-14,93,2,450,12
31-Aug-14,98,9,413,15
02-Sep-14,94,3,489,15
02-Sep-14,80,5,408,10
04-Sep-14,97.2,2,476,13
05-Sep-14,98.4,4,543,15
06-Sep-14,90.5,3,428,13
08-Sep-14,77.1,8,323,13
10-Sep-14,94.1,5,434,15
12-Sep-14,95.4,2,481,11
07-Oct-14,86.3,7,405,17
08-Oct-14,91,3,505,15
10-Oct-14,92.5,1,427,11
11-Oct-14,96.3,3,472,17
12-Oct-14,100,5,451,16
17-Oct-14,98.1,4,585,14
21-Oct-14,93.2,6,456,14
24-Oct-14,96.3,4,489,19
27-Oct-14,30.4,1,155,3
02-Nov-14,89.2,4,548,15
06-Nov-14,94.3,4,538,11
08-Nov-14,87.3,6,396,16
09-Nov-14,98.5,3,516,15
09-Nov-14,92.3,3,482,13
13-Nov-14,93.1,3,649,14
14-Nov-14,98.1,2,551,17
16-Nov-14,69.2,6,305,17
16-Nov-14,98.4,3,564,14
19-Nov-14,94.3,1,579,14
21-Nov-14,99,0,518,14
21-Nov-14,92.1,5,468,17
23-Nov-14,97.1,4,550,14
23-Nov-14,94.5,4,427,15
26-Nov-14,89.5,3,451,15
26-Nov-14,97.1,2,607,15
28-Nov-14,100,4,482,15
28-Nov-14,98.4,1,488,9
29-Nov-14,77.2,2,365,12
30-Nov-14,98.2,2,556,11
01-Dec-14,54.3,6,252,15
02-Dec-14,99.4,5,535,12
03-Dec-14,68.4,0,474,12
04-Dec-14,99.3,2,483,19
07-Dec-14,99.4,3,523,14
08-Dec-14,99.3,4,490,12
10-Dec-14,98.1,2,469,15
12-Dec-14,94.3,0,500,15
13-Dec-14,91.3,1,479,16
14-Dec-14,88.2,0,571,16
16-Dec-14,95.5,1,505,15
17-Dec-14,100,4,577,12
19-Dec-14,93.3,1,474,14
08-Jan-15,83,3,457,10
10-Jan-15,87.4,4,356,17
11-Jan-15,93,5,432,15
12-Jan-15,96.3,6,427,14
14-Jan-15,68.3,8,274,17
15-Jan-15,97.4,2,495,10
16-Jan-15,87.4,4,457,16
16-Jan-15,76.4,2,426,15
17-Jan-15,28.5,2,140,3
17-Jan-15,93.3,6,417,17
18-Jan-15,99,3,529,14
18-Jan-15,100,0,714,9
20-Jan-15,97.4,3,553,14
20-Jan-15,67,2,306,11
21-Jan-15,58.2,4,239,11
23-Jan-15,93.4,0,605,15
23-Jan-15,99.5,0,599,12
25-Jan-15,90.3,6,500,12
25-Jan-15,98.3,7,519,14
26-Jan-15,16,0,69,2
28-Jan-15,79.4,0,582,14
29-Jan-15,95.2,2,533,15
30-Jan-15,95,5,399,17
31-Jan-15,85,4,417,13
01-Feb-15,89.1,8,432,17
03-Feb-15,93.1,0,611,15
14-Feb-15,96.1,1,562,16
14-Feb-15,91.5,1,566,17
15-Feb-15,98.2,4,602,13
15-Feb-15,97,4,521,16
16-Feb-15,95.5,3,606,11
17-Feb-15,61.1,6,286,17
18-Feb-15,92.5,7,421,17
19-Feb-15,98,2,555,13
20-Feb-15,45.4,4,238,12
21-Feb-15,89,6,459,15
22-Feb-15,98,3,460,15
22-Feb-15,90.2,3,481,13
23-Feb-15,92.2,5,477,18
24-Feb-15,94.3,1,649,12
25-Feb-15,99.2,1,545,17
26-Feb-15,99.3,5,408,19
26-Feb-15,97,1,558,10
27-Feb-15,83.1,5,552,15
28-Feb-15,55.3,4,297,19
28-Feb-15,50.2,5,202,11
01-Mar-15,97.2,2,605,7
01-Mar-15,99.4,9,442,16
03-Mar-15,95,3,617,14
04-Mar-15,100,5,545,13
04-Mar-15,87.3,3,543,16
05-Mar-15,98.1,1,639,12
06-Mar-15,83.3,6,358,15
07-Mar-15,80.1,7,416,19
07-Mar-15,99.3,2,645,17
08-Mar-15,83.5,9,367,12
08-Mar-15,96.2,0,679,15
09-Mar-15,98.3,1,526,14
10-Mar-15,85.5,1,511,11
11-Mar-15,93.1,0,573,19
12-Mar-15,97.3,6,511,15
13-Mar-15,98.5,6,576,14
13-Mar-15,54.3,4,203,8
14-Mar-15,97.3,6,570,13
14-Mar-15,41,4,260,13
15-Mar-15,78.1,9,343,14
15-Mar-15,96.1,2,474,11
18-Mar-15,55.2,5,257,11
19-Mar-15,95,4,482,15
20-Mar-15,83.4,2,424,14
21-Mar-15,80.3,5,641,15
24-Mar-15,85.5,4,571,10
26-Mar-15,96.5,2,545,15
29-Mar-15,78.1,3,359,12
17-Apr-15,95.2,2,569,13
19-Apr-15,88.1,4,473,9
22-Apr-15,88.3,1,499,11
08-May-15,18,5,54,3
26-May-15,100,1,702,8
29-May-15,97.2,1,530,11
31-May-15,59,0,359,6
09-Jun-15,81.1,1,596,18
12-Jun-15,96,2,757,14
14-Jun-15,94.2,2,597,17
17-Jun-15,94,2,693,10
18-Jun-15,95.4,2,523,19
20-Jun-15,75,0,465,16
21-Jun-15,83,2,390,13
24-Jun-15,97,4,547,16
10-Jul-15,100,6,495,12
10-Jul-15,67.4,8,313,12
11-Jul-15,95.2,2,502,12
12-Jul-15,99,5,472,16
12-Jul-15,73.4,4,325,13
14-Jul-15,92.4,2,467,15
15-Jul-15,66.1,1,330,10
15-Jul-15,98.1,3,566,15
19-Jul-15,91.1,2,487,11
22-Jul-15,90.5,2,504,11
26-Jul-15,87.2,2,564,10
02-Aug-15,99,3,602,6
04-Aug-15,92.2,4,469,7
07-Aug-15,97.4,3,501,14
19-Aug-15,98.1,3,560,14
23-Aug-15,94,4,405,9
26-Aug-15,99.2,3,496,16
27-Aug-15,64,2,363,15
03-Sep-15,95.3,3,549,15
05-Sep-15,91.3,3,542,16
08-Sep-15,94,5,498,16
11-Sep-15,98.2,0,592,14
13-Sep-15,57.2,8,267,11
01-Oct-15,87,6,379,14
03-Oct-15,98,3,525,12
05-Oct-15,72.5,3,321,13
09-Oct-15,99,3,431,14
11-Oct-15,100,0,594,12
11-Oct-15,98.3,5,517,10
13-Oct-15,96.1,5,372,15
14-Oct-15,93.4,2,467,18
16-Oct-15,57.3,7,247,12
18-Oct-15,96.4,4,479,15
18-Oct-15,100,2,519,11
20-Oct-15,99.4,5,447,10
22-Oct-15,96.4,10,363,14
22-Oct-15,100,1,557,15
24-Oct-15,94.1,4,412,18
25-Oct-15,86,1,659,14
01-Nov-15,50.5,2,317,15
04-Nov-15,74.1,1,427,8
07-Nov-15,86.1,3,398,15
07-Nov-15,68.3,1,378,14
09-Nov-15,93.2,1,403,18
11-Nov-15,93.3,3,487,17
11-Nov-15,93.2,4,424,12
13-Nov-15,95.5,1,453,15
16-Nov-15,92.3,5,493,14
17-Nov-15,90.5,1,412,11
18-Nov-15,90.1,8,419,15
20-Nov-15,90.4,1,620,14
25-Dec-15,69.4,8,208,18
26-Dec-15,68,4,378,13
28-Dec-15,36,4,229,9
29-Dec-15,97.4,2,493,12
31-Dec-15,96.2,2,549,8
02-Jan-16,9,0,75,3
02-Jan-16,64.4,6,230,19
04-Jan-16,94.1,6,373,20
05-Jan-16,97.1,3,546,15
06-Jan-16,99.3,7,490,18
12-Jan-16,99.2,0,608,8
15-Jan-16,99,2,610,8
17-Jan-16,98.5,0,583,12
20-Jan-16,99.2,2,664,17
23-Jan-16,99.4,1,647,10
25-Jan-16,96,3,481,18
26-Jan-16,88.2,4,406,19
31-Jan-16,90.1,0,550,16
03-Feb-16,74.2,3,449,17
03-Feb-16,83.3,0,640,14
06-Feb-16,96.3,1,558,15
06-Feb-16,96.2,5,506,12
08-Feb-16,89.1,2,429,19
09-Feb-16,96.2,0,625,9
12-Feb-16,95.1,4,516,18
14-Feb-16,89,4,461,15
03-Jun-16,95,4,365,16
05-Jun-16,58.1,6,229,14
07-Jun-16,84.2,8,325,18
11-Jun-16,92.2,7,337,11
11-Jun-16,97.4,2,530,15
13-Jun-16,61.2,7,250,11
13-Jun-16,95.4,0,526,11
15-Jun-16,64.1,5,244,8
15-Jun-16,88,0,538,14
16-Jun-16,90.4,0,509,17
18-Jun-16,95,6,607,17
19-Jun-16,1,0,8,0
21-Jun-16,100,0,568,15
21-Jun-16,98.4,5,554,11
24-Jun-16,84.1,1,493,5
24-Jun-16,95.5,5,457,17
26-Jun-16,54,1,260,9
26-Jun-16,95.4,6,477,18
29-Jun-16,82.1,0,607,8
02-Jul-16,92.4,0,515,15
04-Jul-16,47.2,1,281,4
06-Jul-16,64.3,3,299,16
12-Jul-16,97.4,2,451,20
14-Jul-16,96.4,4,470,14
17-Jul-16,91,4,369,15
19-Jul-16,100,4,508,14
14-Aug-16,93.3,4,545,14
16-Aug-16,93.2,5,455,13
18-Aug-16,70.4,2,414,16
21-Aug-16,96.5,4,451,15
24-Aug-16,96.1,1,479,20
24-Aug-16,84.3,2,447,8
27-Aug-16,97.2,5,490,14
28-Aug-16,95.2,1,437,18
30-Aug-16,92.4,1,699,13
31-Aug-16,81,3,421,14
01-Sep-16,98,5,493,13
04-Sep-16,83.2,3,388,15
04-Sep-16,98.2,2,596,14
08-Sep-16,38,0,281,9
10-Sep-16,96.1,4,468,15
25-Sep-16,80.5,2,493,15
25-Sep-16,100,0,518,20
27-Sep-16,74,1,395,10
28-Sep-16,99,7,410,17
30-Sep-16,87.4,1,449,17
30-Sep-16,86.2,1,584,12
01-Oct-16,83.5,4,414,16
02-Oct-16,87.4,1,575,16
02-Oct-16,100,3,605,9
05-Oct-16,94,1,468,14
05-Oct-16,99.2,1,737,12
07-Oct-16,97.5,2,588,15
09-Oct-16,72.1,5,332,14
09-Oct-16,94.4,3,431,17
12-Oct-16,97.5,1,548,12
12-Oct-16,98.2,5,605,15
16-Oct-16,77,4,380,13
20-Oct-16,99.3,2,473,18
23-Oct-16,98,0,572,13
26-Oct-16,98.4,3,495,15
29-Oct-16,73.1,2,346,16
04-Nov-16,88,7,426,19
06-Nov-16,94,9,375,20
08-Nov-16,83.3,5,407,9
14-Nov-16,66,4,305,12
16-Nov-16,92.3,6,386,17
19-Nov-16,100,1,510,15
21-Nov-16,13.3,1,50,1
23-Nov-16,100,0,646,13
25-Nov-16,76.3,5,333,12
27-Nov-16,74,3,321,14
04-Dec-16,94.2,3,575,17
06-Dec-16,97.2,1,628,15
09-Dec-16,86.1,7,404,17
26-Dec-16,94.5,3,584,16
29-Dec-16,92.4,5,422,18
31-Dec-16,91.2,5,464,10
13-Jan-17,92.4,1,434,18
15-Jan-17,96,4,428,13
15-Jan-17,98.1,0,689,13
19-Jan-17,95,3,519,10
19-Jan-17,100,5,734,13
22-Jan-17,93.5,1,607,16
22-Jan-17,93,6,405,12
22-Jan-17,100,2,620,15
24-Jan-17,87.1,3,345,16
26-Jan-17,99.1,1,674,15
26-Jan-17,87,8,344,13
28-Jan-17,82.5,4,354,11
30-Jan-17,97,1,551,18
01-Feb-17,87.5,1,487,15
04-Feb-17,71.2,5,323,12
05-Feb-17,97,3,520,18
07-Feb-17,98.1,1,687,15
10-Feb-17,100,3,658,13
16-Feb-17,76.4,3,311,13
19-Feb-17,67.5,2,411,13
19-Feb-17,92.1,3,415,18
21-Feb-17,62.1,4,246,20
22-Feb-17,100,1,565,12
24-Feb-17,61.1,8,217,12
25-Feb-17,82.2,2,381,16
26-Feb-17,63.5,2,302,17
01-Mar-17,95,3,555,9
02-Mar-17,91.1,4,450,19
03-Mar-17,97.2,5,536,14
04-Mar-17,73.3,3,289,12
04-Mar-17,89.4,1,394,12
05-Mar-17,96.1,3,447,15
09-Mar-17,89.2,7,461,18
15-Mar-17,96.5,1,552,16
17-Mar-17,97.3,2,630,19
19-Mar-17,98.3,7,517,10
22-Mar-17,96.4,6,430,17
24-Mar-17,96.5,3,450,13
25-Mar-17,95.1,2,543,14
28-Mar-17,49.5,1,297,7
31-Mar-17,97.3,7,493,15
01-Apr-17,94.3,5,486,17
02-Apr-17,97.4,4,423,15
04-Apr-17,85.2,1,390,17
07-Apr-17,99,2,605,11
09-Apr-17,94.5,4,479,15
11-Apr-17,93.1,4,461,12
05-May-17,53,1,251,13
07-May-17,96.1,0,566,16
12-May-17,31.1,1,154,4
14-May-17,95.3,2,511,16
17-May-17,97.3,5,509,13
19-May-17,73.4,4,355,12
21-May-17,89.3,3,487,16
24-May-17,98.2,0,525,12
24-May-17,95,1,598,16
27-May-17,100,1,645,10
29-May-17,60,4,306,13
01-Jun-17,97.2,4,609,8
02-Jun-17,54,0,339,12
03-Jun-17,91.3,1,495,12
04-Jun-17,81.4,3,479,10
05-Jun-17,60.3,4,258,11
06-Jun-17,94,2,516,20
07-Jun-17,77,4,335,11
08-Jun-17,98.4,2,628,7
09-Jun-17,97.2,2,531,12
09-Jun-17,94.4,6,359,16
10-Jun-17,90.2,4,507,12
11-Jun-17,82.3,3,376,9
11-Jun-17,76.5,5,270,15
12-Jun-17,94.1,6,457,16
14-Jun-17,87,1,424,10
15-Jun-17,90.1,2,515,8
15-Jun-17,91.4,3,586,14
17-Jun-17,79,8,326,14
18-Jun-17,80.3,6,485,12
23-Jun-17,39.2,1,199,3
25-Jun-17,86,1,505,11
30-Jun-17,97.4,2,630,9
30-Jun-17,88.1,3,402,14
02-Jul-17,63.5,1,303,13
02-Jul-17,99.4,9,366,18
06-Jul-17,97.2,2,614,9
06-Jul-17,86.5,3,409,11
08-Jul-17,79.2,1,512,12
10-Jul-17,88.1,5,394,15
20-Aug-17,72.1,0,430,9
24-Aug-17,94.2,3,455,15
27-Aug-17,95.1,8,423,12
31-Aug-17,92.4,4,576,13
03-Sep-17,96.1,1,466,13
17-Sep-17,71,2,411,16
19-Sep-17,72.5,0,411,12
21-Sep-17,93.1,6,443,18
21-Sep-17,2.2,0,21,0
24-Sep-17,97.5,0,582,11
24-Sep-17,89.1,2,610,17
27-Sep-17,85.1,1,607,10
28-Sep-17,100,1,632,12
29-Sep-17,88,3,580,7
01-Oct-17,92.5,4,481,11
06-Oct-17,93.3,3,447,16
08-Oct-17,97.2,6,406,13
13-Oct-17,100,3,495,14
15-Oct-17,92.5,1,555,7
16-Oct-17,98,4,397,16
18-Oct-17,97.5,2,596,16
18-Oct-17,90.5,2,406,12
20-Oct-17,82.4,2,343,12
22-Oct-17,99,1,549,12
22-Oct-17,90.4,3,533,15
23-Oct-17,46.4,4,205,10
25-Oct-17,96,6,452,13
29-Oct-17,100,0,663,12
24-Nov-17,82.3,4,290,14
25-Nov-17,96.2,8,371,13
05-Dec-17,81.4,9,329,18
06-Dec-17,97,5,424,16
07-Dec-17,95.2,2,464,18
08-Dec-17,92.2,4,539,12
10-Dec-17,59,15,223,13
10-Dec-17,86.2,4,346,15
13-Dec-17,100,1,639,12
17-Dec-17,77,7,424,12
20-Dec-17,96,7,489,14
23-Dec-17,78,3,442,16
26-Dec-17,46,3,228,13
06-Jan-18,80.1,4,477,13
09-Jan-18,73.5,3,396,11
11-Jan-18,99.2,10,435,15
13-Jan-18,77.2,7,329,18
13-Jan-18,98.4,1,530,15
14-Jan-18,98.5,0,600,13
15-Jan-18,77.3,2,336,11
16-Jan-18,95.5,1,519,12
16-Jan-18,84.1,2,436,12
17-Jan-18,98.1,0,557,16
18-Jan-18,100,2,621,14
19-Jan-18,99,2,516,16
19-Jan-18,94.2,1,541,13
19-Jan-18,82.2,2,466,16
21-Jan-18,100,2,577,12
21-Jan-18,96.3,5,452,17
21-Jan-18,88.5,3,389,14
23-Jan-18,99.1,2,592,14
23-Jan-18,86.3,7,339,19
25-Jan-18,35.5,2,161,9
26-Jan-18,81.5,4,392,16
27-Jan-18,91.1,5,353,16
28-Jan-18,96,1,493,18
01-Feb-18,95.3,1,530,10
04-Feb-18,52.5,4,236,11
07-Feb-18,90,2,477,16
09-Feb-18,84.4,6,502,15
10-Feb-18,75.3,0,487,11
11-Feb-18,80.1,2,503,14
13-Feb-18,62,4,305,14
13-Feb-18,92.2,3,459,14
16-Feb-18,59.1,6,266,10
16-Feb-18,79,2,405,12
19-Feb-18,82.1,8,324,17
25-Feb-18,99.2,2,561,14
28-Feb-18,87.3,2,441,10
03-Mar-18,100,5,459,14
04-Mar-18,97,2,506,12
04-Mar-18,75.3,8,329,16
06-Mar-18,61.5,17,181,16
06-Mar-18,99.1,7,465,14
06-Mar-18,100,2,631,10
06-Mar-18,92.3,6,385,19
07-Mar-18,99.3,3,669,14
08-Mar-18,96,6,429,15
08-Mar-18,85.4,4,389,12
10-Mar-18,82.3,3,448,13
10-Mar-18,96.2,5,459,17
10-Mar-18,96.5,2,431,19
12-Mar-18,73.3,6,395,16
12-Mar-18,95.5,5,409,20
15-Mar-18,97.4,6,386,14
15-Mar-18,97.4,3,562,15
16-Mar-18,84.2,8,309,17
17-Mar-18,83.4,8,337,19
18-Mar-18,97.4,4,510,17
19-Mar-18,99,0,575,15
20-Mar-18,77.3,4,350,15
21-Mar-18,84,5,320,15
22-Mar-18,87.5,4,449,14
23-Mar-18,99.1,4,418,11
25-Mar-18,87.3,3,406,12
10-Jun-18,98.5,1,731,13
13-Jun-18,91,6,432,17
16-Jun-18,97.1,2,628,17
19-Jun-18,87,1,701,13
21-Jun-18,94.4,1,620,12
24-Jun-18,83.1,3,403,17
12-Jul-18,90,1,532,11
13-Jul-18,85,5,409,17
14-Jul-18,100,1,555,16
16-Jul-18,85.2,3,382,8
17-Jul-18,94.3,2,501,8
18-Jul-18,35,5,133,11
20-Jul-18,92.4,2,539,11
22-Jul-18,100,3,595,8
22-Jul-18,100,1,498,12
25-Jul-18,99.3,4,528,14
28-Jul-18,100,2,580,11
29-Jul-18,65.3,1,384,14
01-Aug-18,89.3,7,316,20
01-Aug-18,92.5,2,488,14
03-Aug-18,98.5,6,415,18
05-Aug-18,95.2,1,641,17
08-Aug-18,60,0,479,15
12-Aug-18,74.4,0,404,17
27-Aug-18,98.3,4,414,17
29-Aug-18,93.5,7,357,14
30-Aug-18,98.5,5,426,18
31-Aug-18,60,5,247,12
15-Sep-18,84.5,5,380,18
16-Sep-18,60.5,5,236,10
17-Sep-18,91.2,4,398,18
18-Sep-18,100,2,538,15
19-Sep-18,72.1,5,320,11
20-Sep-18,92.1,10,369,16
21-Sep-18,85.3,2,345,13
21-Sep-18,99.3,5,509,12
23-Sep-18,89.3,1,470,6
23-Sep-18,100,2,489,11
25-Sep-18,99.5,3,498,15
26-Sep-18,98.5,6,430,18
28-Sep-18,98.3,3,435,14
30-Sep-18,60.2,8,234,15
03-Oct-18,71.3,7,272,20
06-Oct-18,95.2,5,456,16
10-Oct-18,15,0,90,2
13-Oct-18,79,1,412,14
17-Oct-18,39.3,0,292,10
20-Oct-18,77,1,387,7
21-Oct-18,92.1,0,640,10
21-Oct-18,100,4,506,15
23-Oct-18,76.1,0,490,15
24-Oct-18,100,0,634,12
24-Oct-18,94.1,2,487,10
26-Oct-18,92.1,3,565,7
27-Oct-18,97.4,3,517,19
29-Oct-18,86.2,3,519,12
01-Nov-18,46.4,7,207,11
04-Nov-18,67.3,9,294,13
07-Nov-18,97.2,5,478,19
09-Nov-18,98.3,3,445,18
09-Nov-18,90.3,5,414,12
11-Nov-18,100,7,595,14
11-Nov-18,56.5,1,313,9
09-Dec-18,85.1,1,382,14
11-Dec-18,99.4,3,502,13
14-Dec-18,88.3,3,390,11
03-Jan-19,99,0,684,16
05-Jan-19,96.2,3,605,12
08-Jan-19,91.4,2,604,13
12-Jan-19,100,5,529,14
15-Jan-19,99.2,2,584,12
18-Jan-19,98,3,461,13
19-Jan-19,99.1,3,529,7
22-Jan-19,87.5,4,406,15
23-Jan-19,72.5,4,308,12
25-Jan-19,66,7,224,16
25-Jan-19,83,0,503,7
26-Jan-19,90.2,2,557,14
26-Jan-19,69.3,7,331,18
27-Jan-19,72.3,3,330,12
28-Jan-19,92,3,483,12
28-Jan-19,94.4,7,501,12
30-Jan-19,90,2,478,10
31-Jan-19,45.3,9,184,12
03-Feb-19,94,4,457,17
13-Feb-19,93.2,3,452,12
16-Feb-19,85.5,3,448,12
20-Feb-19,97.2,5,567,15
20-Feb-19,98.4,0,719,12
22-Feb-19,97.4,2,540,14
27-Feb-19,98,0,800,16
28-Feb-19,91.1,10,326,15
02-Mar-19,48.3,3,248,7
02-Mar-19,98.2,4,475,11
02-Mar-19,40.2,3,228,13
03-Mar-19,85.5,2,462,10
05-Mar-19,99,5,509,13
05-Mar-19,97.5,2,481,18
06-Mar-19,77.3,3,385,19
08-Mar-19,84.4,4,334,19
08-Mar-19,98.2,3,579,14
10-Mar-19,97.2,5,431,11
10-Mar-19,97.5,2,703,15
10-Mar-19,74,3,442,10
13-Mar-19,100,3,501,18
13-Mar-19,72.1,2,376,13
16-Mar-19,77.3,4,348,11
22-Mar-19,99,2,547,7
24-Mar-19,97.5,4,556,8
27-Mar-19,94.4,5,446,15
29-Mar-19,100,2,542,14
31-Mar-19,100,1,627,14
10-Apr-19,68,11,218,13
12-Apr-19,67,2,352,12
14-Apr-19,96.2,11,477,14
16-Apr-19,72,6,303,14
27-Apr-19,79,4,305,16
27-Apr-19,76.4,10,324,15
03-May-19,85.1,3,381,16
05-May-19,84.4,2,558,13
07-May-19,95,1,510,11
08-May-19,19,2,78,2
10-May-19,94.5,1,588,10
11-May-19,97.5,4,648,10
11-May-19,100,1,724,10
13-May-19,97.2,3,488,14
14-May-19,94.5,0,713,11
15-May-19,93,2,571,12
17-May-19,46.5,0,363,6
17-May-19,99.3,0,672,14
19-May-19,84.3,7,340,19
19-May-19,96.5,3,643,17
21-May-19,91.2,4,475,16
21-May-19,83.2,1,514,16
30-May-19,89.5,1,507,17
31-May-19,35.2,2,210,13
01-Jun-19,45.3,0,269,10
01-Jun-19,73.1,5,412,12
02-Jun-19,100,2,626,13
03-Jun-19,100,1,670,17
04-Jun-19,69.3,2,342,18
05-Jun-19,97.3,5,450,13
05-Jun-19,96.3,1,483,17
06-Jun-19,99,7,550,18
08-Jun-19,98.5,3,654,16
08-Jun-19,73.2,6,335,13
09-Jun-19,100,2,659,13
10-Jun-19,7.3,1,29,2
12-Jun-19,94.4,3,559,19
14-Jun-19,77.5,3,418,12
15-Jun-19,95.5,2,575,15
15-Jun-19,62.5,7,251,11
16-Jun-19,90,2,545,11
17-Jun-19,91.3,2,636,10
18-Jun-19,100,2,642,14
19-Jun-19,89.4,5,398,11
19-Jun-19,97.3,3,478,12
20-Jun-19,100,1,700,11
21-Jun-19,99.2,2,577,13
21-Jun-19,97,4,439,19
22-Jun-19,99.5,4,429,18
22-Jun-19,99,5,570,17
23-Jun-19,100,2,560,16
24-Jun-19,97,3,455,16
25-Jun-19,94.4,2,496,16
26-Jun-19,99.1,3,473,8
27-Jun-19,84.2,4,398,17
28-Jun-19,86.5,6,401,11
29-Jun-19,99.4,2,444,14
29-Jun-19,93.4,4,390,19
30-Jun-19,100,5,638,12
01-Jul-19,100,1,639,11
01-Jul-19,98.3,3,508,14
02-Jul-19,98,2,592,18
03-Jul-19,95,2,475,16
04-Jul-19,100,3,593,14
04-Jul-19,100,5,472,17
05-Jul-19,94.1,1,528,19
06-Jul-19,93.3,3,522,10
06-Jul-19,99.5,2,625,15
07-Jul-19,88.1,4,370,13
09-Jul-19,99.3,7,452,16
11-Jul-19,81.1,2,442,11
14-Jul-19,100,5,465,16
26-Jul-19,91.4,3,532,17
28-Jul-19,94.4,2,464,9
31-Jul-19,86,5,464,17
08-Aug-19,13,1,52,1
11-Aug-19,92,1,479,16
14-Aug-19,99.1,3,449,12
14-Aug-19,67.3,2,489,10
15-Aug-19,90,5,331,12
17-Aug-19,98.5,6,405,16
18-Aug-19,88.2,5,360,17
20-Aug-19,100,10,434,13
21-Aug-19,97.4,6,400,15
13-Sep-19,73,4,392,14
17-Sep-19,77.2,13,233,15
19-Sep-19,86.2,12,286,20
20-Sep-19,86,6,419,17
22-Sep-19,98.2,6,434,14
23-Sep-19,97.3,6,481,16
30-Sep-19,96.5,5,519,14
02-Oct-19,98.2,3,580,12
06-Nov-19,91.5,4,385,11
09-Nov-19,95.4,5,433,17
11-Nov-19,98.4,6,493,12
08-Dec-19,90.4,5,391,15
09-Dec-19,97.2,3,522,18
12-Dec-19,82.5,7,318,19
14-Dec-19,98.5,5,475,14
15-Dec-19,92.2,2,434,12
15-Dec-19,97.5,6,564,9
18-Dec-19,93.3,2,660,14
22-Dec-19,98.4,3,625,11
05-Jan-20,84.4,7,338,14
06-Jan-20,100,6,427,16
07-Jan-20,79.3,4,350,15
08-Jan-20,95,3,589,16
09-Jan-20,48.3,6,187,12
09-Jan-20,99.5,4,467,17
12-Jan-20,85.3,2,400,15
14-Jan-20,86.5,2,499,9
17-Jan-20,99.1,3,625,15
19-Jan-20,97.3,2,559,11
04-Feb-20,97.4,0,513,10
05-Feb-20,98.1,2,684,8
05-Feb-20,96.5,15,373,18
06-Feb-20,99.3,7,417,14
07-Feb-20,11.2,0,69,2
08-Feb-20,98.3,4,512,15
08-Feb-20,93.3,12,334,20
09-Feb-20,97.2,6,488,9
09-Feb-20,93.2,5,506,13
11-Feb-20,97.1,2,592,11
11-Feb-20,89.1,9,456,15
12-Feb-20,17.2,3,70,12
22-Feb-20,99.1,3,565,13
26-Feb-20,89.1,0,525,16
29-Feb-20,95.1,0,499,15
01-Mar-20,89.1,3,471,15
01-Mar-20,100,2,594,15
03-Mar-20,100,0,632,13
04-Mar-20,98.3,1,538,14
06-Mar-20,80.3,2,538,12
07-Mar-20,95.3,3,506,10
13-Mar-20,91,2,437,17
30-Jul-20,72.3,6,334,13
01-Aug-20,82.3,6,417,15
04-Aug-20,99.4,4,645,11
11-Sep-20,100,4,549,18
13-Sep-20,98.4,12,422,18
16-Sep-20,99.4,2,594,13
30-Oct-20,99.4,2,533,16
01-Nov-20,80.3,6,403,14
03-Nov-20,100,5,550,15
27-Nov-20,100,0,673,14
29-Nov-20,100,1,725,12
02-Dec-20,99.3,3,583,14
08-Jan-21,99,2,538,9
18-Jan-21,86,8,337,14
20-Jan-21,66.1,8,232,14
21-Jan-21,100,3,550,17
22-Jan-21,77,3,296,12
24-Jan-21,95.2,2,512,12
25-Jan-21,94.2,3,467,14
26-Jan-21,97.1,4,479,17
10-Mar-21,96,4,460,9
12-Mar-21,99.4,2,540,12
14-Mar-21,98.3,3,546,10
20-Mar-21,63.1,3,257,11
23-Mar-21,98.2,7,536,9
23-Mar-21,92.1,4,562,15
26-Mar-21,92.4,6,468,16
26-Mar-21,93.3,0,665,9
28-Mar-21,98.2,1,649,18
02-Apr-21,100,5,545,13
04-Apr-21,100,4,655,14
07-Apr-21,99.3,2,606,17
19-May-21,66,6,301,14
20-May-21,90.5,6,339,13
23-May-21,98.1,3,476,16
25-May-21,88.1,4,382,18
28-May-21,92.3,1,461,15
02-Jun-21,100,12,382,16
04-Jun-21,92.2,13,311,12
07-Jun-21,95.1,7,324,15
29-Jun-21,77.2,6,360,13
01-Jul-21,93,3,483,11
04-Jul-21,41.1,4,164,9
08-Jul-21,57.1,2,282,10
10-Jul-21,86.2,3,437,20
11-Jul-21,40.2,3,188,4
13-Jul-21,98.3,2,524,14
13-Jul-21,98,2,655,16
16-Jul-21,78.5,7,395,16
16-Jul-21,97.1,1,608,14
18-Jul-21,99.1,3,466,15
18-Jul-21,86.4,4,518,11
20-Jul-21,97.3,1,593,15
20-Jul-21,99.1,2,541,14
20-Jul-21,75.2,4,368,19
22-Jul-21,85.1,3,368,16
23-Jul-21,82.1,0,441,17
26-Jul-21,75.4,6,297,14
02-Sep-21,100,2,576,11
04-Sep-21,83.4,0,477,16
06-Sep-21,72.4,3,313,12
07-Sep-21,72.3,4,267,17
07-Sep-21,80,5,325,19
08-Sep-21,98.4,5,483,16
09-Sep-21,87.1,3,398,17
10-Sep-21,50,2,281,6
10-Sep-21,68.4,1,308,17
13-Sep-21,56.2,6,238,12
13-Sep-21,99,5,458,12
14-Sep-21,78.5,6,393,13
16-Sep-21,94.2,8,353,14
17-Sep-21,77.3,5,342,14
19-Sep-21,55.3,7,226,13
20-Sep-21,89.5,4,469,16
25-Sep-21,90.4,7,386,14
26-Sep-21,92.2,8,384,17
28-Sep-21,100,9,523,12
29-Sep-21,98.5,5,445,12
01-Oct-21,79.1,7,296,17
02-Oct-21,23.2,1,100,3
26-Nov-21,96.5,8,407,19
26-Nov-21,52,3,286,8
27-Nov-21,100,3,565,17
08-Jan-22,98,3,506,20
13-Jan-22,80.3,8,388,15
16-Jan-22,98.3,2,588,13
16-Jan-22,89.3,5,418,17
18-Jan-22,100,2,568,15
19-Jan-22,100,2,553,11
21-Jan-22,98,5,403,15
21-Jan-22,98.1,1,569,9
21-Jan-22,74.4,5,321,17
23-Jan-22,97.4,2,417,14
23-Jan-22,99.1,0,566,18
25-Jan-22,92.4,3,421,14
05-Feb-22,99,7,611,13
06-Feb-22,92.5,5,381,16
06-Feb-22,71.5,3,347,13
08-Feb-22,99.3,6,414,19
09-Feb-22,96,7,421,18
11-Feb-22,87.1,5,429,20
23-Feb-22,98,8,418,16
25-Feb-22,95.1,3,502,13
28-Feb-22,87,2,383,10
05-Mar-22,98.5,5,424,17
06-Mar-22,92,13,338,18
08-Mar-22,97.1,7,405,14
09-Mar-22,98.3,5,423,14
11-Mar-22,96.1,1,540,11
12-Mar-22,100,2,638,11
14-Mar-22,97.3,4,518,10
15-Mar-22,94.3,5,352,11
16-Mar-22,99.2,1,403,14
18-Mar-22,81.4,6,283,19
18-Mar-22,98.5,4,580,17
19-Mar-22,86.2,11,294,12
20-Mar-22,87.2,5,382,12
21-Mar-22,85.1,7,298,18
22-Mar-22,87,3,336,11
23-Mar-22,63.3,0,302,10
25-Mar-22,100,4,562,16
26-Mar-22,98.4,3,553,14
29-Mar-22,88.1,4,393,13
29-Mar-22,95.2,0,529,16
31-Mar-22,99,1,689,12
02-Apr-22,84.1,4,403,19
02-Apr-22,79.4,4,421,11
04-Apr-22,92.3,5,543,18
09-Apr-22,85.5,5,386,13
10-Apr-22,99.2,2,414,18
12-Apr-22,94.1,5,436,12
13-Apr-22,86.2,2,446,15
15-Apr-22,99.5,7,439,15
16-Apr-22,94.3,3,456,17
28-May-22,96.1,3,511,15
29-May-22,92.4,1,476,15
31-May-22,88.1,2,476,10
31-May-22,98,2,424,14
01-Jun-22,94.5,5,403,13
02-Jun-22,94,3,424,14
03-Jun-22,94.1,8,332,12
04-Jun-22,100,5,478,15
04-Jun-22,99.5,6,587,14
04-Jun-22,86.4,2,391,12
06-Jun-22,94.3,1,451,11
08-Jun-22,99.2,2,604,13
08-Jun-22,93.3,1,529,17
09-Jun-22,82.3,12,258,16
09-Jun-22,99.4,3,399,17
10-Jun-22,82.2,5,412,17
11-Jun-22,99.2,2,537,15
12-Jun-22,85.2,4,470,19
12-Jun-22,100,2,543,13
14-Jun-22,92.3,1,572,14
14-Jun-22,80,6,327,13
15-Jun-22,97.4,2,446,15
16-Jun-22,84.5,4,399,18
17-Jun-22,99.4,0,747,14
19-Jun-22,77.1,3,459,10
19-Jun-22,98.3,0,571,10
21-Jun-22,99,4,509,17
22-Jun-22,79.3,1,482,11
24-Jun-22,82.4,9,324,14
10-Jul-22,99.5,3,591,16
10-Jul-22,93,4,423,16
10-Jul-22,72.5,7,296,11
11-Jul-22,94.2,3,398,17
12-Jul-22,86.1,8,419,14
12-Jul-22,44,6,220,10
13-Jul-22,68,2,289,15
13-Jul-22,55.4,6,217,10
14-Jul-22,98.5,7,429,13
14-Jul-22,87.5,6,381,20
15-Jul-22,100,0,694,13
16-Jul-22,87.1,8,328,18
16-Jul-22,97.1,10,355,16
17-Jul-22,54.5,7,252,12
17-Jul-22,88,5,514,15
19-Jul-22,96.5,2,595,15
22-Jul-22,48.5,3,278,18
22-Jul-22,100,2,599,12
24-Jul-22,27.4,1,157,2
24-Jul-22,99.4,3,604,13
27-Jul-22,62,1,356,13
31-Jul-22,95.3,3,605,13
05-Aug-22,98.2,3,605,6
07-Aug-22,97.3,2,578,12
10-Aug-22,82.2,3,394,16
10-Aug-22,90.4,2,447,20
11-Aug-22,99.1,2,498,13
13-Aug-22,97.4,6,586,12
14-Aug-22,91,9,408,18
16-Aug-22,100,4,589,13
17-Aug-22,99.5,4,488,14
17-Aug-22,84.2,1,378,15
18-Aug-22,71.2,5,357,10
18-Aug-22,77.5,2,373,13
19-Aug-22,83.5,7,369,19
20-Aug-22,63.5,4,323,13
21-Aug-22,99,4,397,17
21-Aug-22,97.1,4,593,13
22-Aug-22,99.3,4,561,17
28-Aug-22,81,2,390,15
31-Aug-22,42.3,3,187,12
03-Sep-22,70,7,272,17
06-Sep-22,95,5,449,17
08-Sep-22,83,9,276,19
11-Sep-22,96.5,6,394,20
11-Sep-22,99.5,8,500,14
13-Sep-22,97.2,7,373,19
15-Sep-22,80.2,6,268,18
17-Sep-22,100,7,434,12
20-Sep-22,92.4,11,388,13
21-Sep-22,93.1,5,351,16
06-Oct-22,80,5,481,12
09-Oct-22,95.5,3,554,10
11-Oct-22,46.2,4,197,12
14-Nov-22,100,8,425,13
16-Nov-22,91.1,5,371,16
17-Nov-22,96.5,1,571,12
18-Nov-22,90.1,14,353,10
19-Nov-22,88.5,3,477,18
19-Nov-22,54,4,213,11
20-Nov-22,93.4,5,405,17
22-Nov-22,79.4,4,491,15
22-Nov-22,78.2,5,298,14
23-Nov-22,97.2,1,458,17
25-Nov-22,97.1,3,609,10
25-Nov-22,98.2,6,488,14
25-Nov-22,88,0,519,16
26-Nov-22,94.4,5,423,11
27-Nov-22,12.5,0,83,1
27-Nov-22,51,3,237,9
30-Nov-22,65.3,4,309,11
30-Nov-22,99.4,1,622,13
01-Dec-22,92.1,7,418,14
02-Dec-22,50.3,7,199,8
04-Dec-22,87.2,8,363,19
04-Dec-22,72.2,8,275,15
05-Dec-22,94,9,412,16
07-Dec-22,100,5,527,16
07-Dec-22,96.5,4,456,16
08-Dec-22,52.3,3,236,11
10-Dec-22,84,2,581,18
09-Jan-23,98.1,2,508,13
10-Jan-23,100,1,675,15
11-Jan-23,92.5,1,437,17
12-Jan-23,83,0,430,15
13-Jan-23,98.1,0,551,13
15-Jan-23,72,6,450,13
18-Jan-23,87,3,492,10
18-Jan-23,99.2,4,681,17
21-Jan-23,97.3,0,532,16
21-Jan-23,54.4,7,216,12
23-Jan-23,13,0,53,1
24-Jan-23,91.2,1,667,17
27-Jan-23,94.2,0,566,17
29-Jan-23,99.1,4,673,12
01-Feb-23,93.1,2,626,17
14-Feb-23,97.4,5,571,18
15-Feb-23,61.3,6,299,10
17-Feb-23,97,3,534,15
18-Feb-23,97.3,7,547,11
20-Feb-23,87.2,4,392,20
21-Feb-23,90.2,4,414,17
23-Feb-23,64.1,11,184,19
25-Feb-23,78.2,7,327,12
27-Feb-23,95.2,5,396,13
28-Feb-23,83.3,5,379,19
01-Mar-23,96,3,410,17
02-Mar-23,81.5,6,337,16
03-Mar-23,97.2,10,354,14
03-Mar-23,94.4,3,507,16
05-Mar-23,53.1,4,177,14
06-Mar-23,95,5,404,17
06-Mar-23,92,3,440,19
09-Mar-23,96.2,1,533,16
10-Mar-23,92.2,8,429,18
12-Mar-23,72.1,7,316,20
13-Mar-23,39.4,5,192,11
15-Mar-23,88.4,5,464,10
16-Mar-23,94,4,564,11
17-Mar-23,75.3,5,367,15
18-Mar-23,80.5,2,489,17
18-Mar-23,91.4,2,613,17
19-Mar-23,37,1,236,10
20-Mar-23,50,3,346,5
21-Mar-23,97.2,6,489,14
21-Mar-23,77.5,2,508,15
22-Mar-23,98.1,2,511,18
23-Mar-23,99.2,1,536,17
23-Mar-23,41.2,3,202,10
25-Mar-23,69.2,3,343,19
25-Mar-23,91.4,2,457,12
26-Mar-23,91.4,6,368,19
27-Mar-23,98.3,7,482,17
27-Mar-23,97.5,3,440,18
29-Mar-23,97.1,8,357,18
29-Mar-23,96.2,3,707,18
30-Mar-23,82.1,4,425,11
30-Mar-23,99,3,547,11
31-Mar-23,74.2,8,309,13
31-Mar-23,76.1,9,363,12
01-Apr-23,97.5,9,502,12
01-Apr-23,100,3,553,12
02-Apr-23,84.5,8,339,15
02-Apr-23,98.4,2,505,14
02-Apr-23,89.1,4,586,18
04-Apr-23,92.2,3,417,17
04-Apr-23,97.4,9,428,19
05-Apr-23,94.5,3,498,17
05-Apr-23,87,6,338,16
21-Apr-23,96.3,5,531,17
27-Apr-23,98.3,2,571,12
29-Apr-23,92.2,3,410,16
29-Apr-23,98.2,1,662,8
01-May-23,63.4,12,230,13
03-May-23,99.1,4,543,13
05-May-23,93.4,4,549,15
07-May-23,95.4,3,542,18
09-May-23,66.3,1,302,12
12-May-23,89.3,2,632,13
14-May-23,98.5,3,518,18
02-Jun-23,96.5,3,528,12
04-Jun-23,92.1,2,503,16
04-Jun-23,82.3,4,399,13
06-Jun-23,99.5,4,517,17
07-Jun-23,38.2,1,234,11
09-Jun-23,71.2,1,359,14
18-Jun-23,94.1,4,563,10
18-Jun-23,99.3,4,549,16
19-Jun-23,89,2,517,14
19-Jun-23,98.1,3,562,12
20-Jun-23,90.5,4,620,10
20-Jun-23,92,5,410,14
21-Jun-23,100,4,566,17
21-Jun-23,96,5,437,13
22-Jun-23,99.4,4,570,17
22-Jun-23,93.2,7,417,13
23-Jun-23,45.2,4,198,9
23-Jun-23,85.3,4,444,17
24-Jun-23,94.3,7,491,19
24-Jun-23,71.4,6,333,13
25-Jun-23,80.5,3,504,19
25-Jun-23,100,5,545,17
26-Jun-23,75.1,3,501,13
26-Jun-23,100,3,731,14
27-Jun-23,78.3,2,398,18
27-Jun-23,89,2,557,13
29-Jun-23,100,1,644,16
30-Jun-23,87.4,4,388,18
30-Jun-23,77,4,388,13
01-Jul-23,87.2,4,355,13
02-Jul-23,65.3,1,325,11
02-Jul-23,90.1,7,355,16
03-Jul-23,92,2,592,12
04-Jul-23,91.1,1,430,16
04-Jul-23,99.2,3,531,17
05-Jul-23,89.4,4,434,8
05-Jul-23,64.4,3,249,11
06-Jul-23,92.5,1,548,13
06-Jul-23,100,4,604,13
07-Jul-23,92.3,1,481,12
08-Jul-23,93.2,1,501,18
09-Jul-23,71.2,5,332,18
11-Jul-23,68.5,6,252,13
27-Jul-23,45.5,4,229,14
29-Jul-23,77.3,2,361,14
01-Aug-23,85.3,7,496,15
22-Aug-23,66.3,6,258,18
24-Aug-23,99.5,0,585,11
26-Aug-23,98.4,6,460,17
30-Aug-23,73.4,2,441,14
31-Aug-23,81.4,4,320,14
02-Sep-23,48.5,2,262,10
03-Sep-23,94.3,4,570,11
04-Sep-23,68.3,6,370,9
05-Sep-23,87.4,1,574,17
06-Sep-23,78.1,3,380,13
07-Sep-23,89.2,4,440,16
08-Sep-23,95.4,1,586,8
09-Sep-23,98.1,3,484,18
09-Sep-23,91.5,2,655,18
10-Sep-23,82,3,481,10
10-Sep-23,60.5,1,368,16
12-Sep-23,90.4,5,378,20
12-Sep-23,84.3,2,560,14
13-Sep-23,87.1,1,541,20
14-Sep-23,84,2,498,13
15-Sep-23,99.5,6,515,17
15-Sep-23,84.5,3,658,14
15-Sep-23,88.2,3,516,17
17-Sep-23,84.1,6,498,18
17-Sep-23,21.3,2,98,10
21-Sep-23,33.4,4,134,5
22-Sep-23,98.4,4,550,12
23-Sep-23,90.3,7,413,20
23-Sep-23,96.4,1,613,18
24-Sep-23,78.2,0,612,14
26-Sep-23,69.2,3,344,13
26-Sep-23,31,0,277,4
27-Sep-23,99.4,0,636,17
05-Oct-23,86.2,4,560,10
06-Oct-23,90,2,491,18
07-Oct-23,72,6,311,13
07-Oct-23,94.5,2,748,15
08-Oct-23,90.5,5,392,14
09-Oct-23,96.3,3,541,16
10-Oct-23,98.2,1,584,19
10-Oct-23,98.2,0,685,13
11-Oct-23,85,0,535,10
12-Oct-23,90.5,5,478,17
13-Oct-23,92.5,2,491,11
14-Oct-23,73.2,1,379,13
15-Oct-23,90.2,5,494,18
16-Oct-23,78.5,4,420,13
17-Oct-23,85.5,4,440,18
18-Oct-23,84.4,6,423,16
19-Oct-23,91.3,1,516,11
20-Oct-23,95.3,2,653,19
21-Oct-23,98,3,506,14
21-Oct-23,72,3,555,16
22-Oct-23,98,2,538,14
23-Oct-23,99,2,564,9
24-Oct-23,96.4,2,610,15
25-Oct-23,71,0,489,16
26-Oct-23,59,2,313,10
27-Oct-23,94,2,531,19
28-Oct-23,99.2,0,766,18
28-Oct-23,92.2,8,366,18
29-Oct-23,84.5,9,352,18
30-Oct-23,94.5,1,480,11
31-Oct-23,77.4,4,403,13
01-Nov-23,85.3,5,515,14
02-Nov-23,69.4,6,395,16
03-Nov-23,78,1,355,9
04-Nov-23,75.3,1,592,7
04-Nov-23,97.4,3,527,20
05-Nov-23,77.1,4,407,15
06-Nov-23,90.4,3,545,15
07-Nov-23,96.5,3,574,11
08-Nov-23,87.2,2,514,17
09-Nov-23,70,8,342,14
10-Nov-23,97.3,4,483,14
11-Nov-23,94.4,2,603,7
11-Nov-23,93.3,1,573,18
12-Nov-23,97.5,3,650,14
15-Nov-23,98.5,2,713,14
16-Nov-23,97,5,420,17
19-Nov-23,93,3,471,13
03-Dec-23,98.5,1,647,14
06-Dec-23,72.3,1,404,14
09-Dec-23,71.4,1,394,14
13-Dec-23,25.3,2,117,5
15-Dec-23,83,7,326,16
17-Dec-23,60,1,435,12
17-Dec-23,77.5,3,385,11
17-Dec-23,44.1,4,230,12
19-Dec-23,88.5,4,426,11
20-Dec-23,96.1,3,578,12
21-Dec-23,95.5,3,507,18
23-Dec-23,46.5,3,196,11
06-Jan-24,54,5,272,9
08-Jan-24,93.4,7,408,17
11-Jan-24,39.3,3,191,12
02-Feb-24,87.1,3,457,11
04-Feb-24,93.3,3,426,19
06-Feb-24,31,1,172,11
08-Feb-24,97.5,6,436,19
09-Feb-24,100,2,714,9
10-Feb-24,95.1,5,563,14
11-Feb-24,83.5,2,459,15
12-Feb-24,94.3,4,453,8
14-Feb-24,83.4,0,528,12
15-Feb-24,74.2,8,260,16
17-Feb-24,54.2,3,278,9
